Afrikaans,af,Kies taal:,Uitkies,Wikipedia -artikelvergelykinginstrument,Vergelyk,Kies vergelykingsinstrument:,Kies ooreenkomspersentasie:,Vertaal,Helder,Woord telling:,Ooreenkomste persentasie:,Fout: Geen teks in die bronkas nie!,"Om te vertaal, is teks in die bronkas nodig, sodat die teks in die teikenvak vertaal kan word om aan te pas.",Fout: Te veel karakters,"Die lengte van die teks wat u probeer vertaal, oorskry die karakterlimiet van 4500.",Bron,Teiken
Albanian,sq,Zgjidh gjuhen:,Zgjedh,Vegla e krahasimit të artikullit Wikipedia,Krahasoj,Zgjidhni mjetin e krahasimit:,Zgjidhni Përqindjen e ngjashmërisë:,Përkthej,Qartë,Numërimi i fjalëve:,Përqindja e ngjashmërisë:,Gabim: Asnjë tekst në kutinë e burimit!,"Për të përkthyer, teksti është i nevojshëm në kutinë e burimit në mënyrë që teksti në kutinë e synuar të mund të përkthehet në përputhje.",Gabim: Shumë karaktere,Gjatësia e tekstit që po përpiqeni të përktheni tejkalon kufirin e karakterit prej 4500.,Burim,Objektiv
Amharic,am,ቋንቋ ይምረጡ,ይምረጡ,ውክፔዲያ ጽሑፍ ንፅፅር መሣሪያ,አነፃፅር,ንፅፅር መሣሪያን ይምረጡ,ተመሳሳይነት መቶኛ ይምረጡ-,መተርጎም,ማጽዳት,የቃል ቆጠራ,ተመሳሳይነት መቶኛ,ስህተት-በመረጃ ሳጥን ውስጥ ምንም ጽሑፍ የለም!,"Target ላማው ሳጥን ውስጥ ያለው ጽሑፍ እንዲዛመዱ ሊተረጎም የሚችል በመተርጎም ላይ ለመተርጎም, ጽሑፍ ያስፈልጋል.",ስህተት-በጣም ብዙ ቁምፊዎች,ከ 4500 የባህሪ ገደቦች ጋር ለመተርጎም እየሞከሩ ያሉት የጽሑፍ ርዝመት.,ምንጭ,Target ላማ
Arabic,ar,اختار اللغة:,يختار,أداة مقارنة مقالة ويكيبيديا,يقارن,حدد أداة المقارنة:,حدد النسبة المئوية للتشابه:,يترجم,واضح,عدد الكلمات:,نسبة التشابه:,خطأ: لا يوجد نص في مربع المصدر!,من أجل الترجمة ، هناك حاجة إلى نص في مربع المصدر بحيث يمكن ترجمة النص في المربع الهدف للمطابقة.,خطأ: الكثير من الأحرف,يتجاوز طول النص الذي تحاول ترجمته حد الأحرف 4500.,مصدر,هدف
Armenian,hy,Ընտրել լեզուն:,Ընտրել,Վիքիպեդիայի հոդվածների համեմատության գործիք,Համեմատել,Ընտրեք համեմատության գործիք.,Ընտրեք նմանության տոկոսը.,Թարգմանել,Պարզ,Բառի հաշվիչ:,Նմանության տոկոս.,Սխալ. Ոչ մի տեքստ աղբյուրի տուփի մեջ:,"Թարգմանելու համար տեքստը անհրաժեշտ է աղբյուրի վանդակում, որպեսզի թիրախային տուփի մեջ տեքստը կարողանաք թարգմանվել:","Սխալ, չափազանց շատ նիշ","Ձեր տեքստի երկարությունը, որը փորձում եք թարգմանել, գերազանցում է 4500 նիշերի սահմանը:",Աղբյուր,Թիրախ
Assamese,as,ভাষা নিৰ্বাচন কৰক:,চয়ন কৰা,ৱিকিপিডিয়া প্ৰবন্ধ তুলনা সঁজুলি,তুলনা কৰা,তুলনা সঁজুলি নিৰ্ব্বাচন কৰক:,সাদৃশ্য শতাংশ নিৰ্বাচন কৰক:,অনুবাদ কৰা,পৰিষ্কাৰ,শব্দ গণনা:,সাদৃশ্য শতাংশ:,ভুল: উৎস বাকচত কোনো লিখনী নাই!,"অনুবাদ কৰিবলৈ, উৎস বাকচত লিখনীৰ প্ৰয়োজন যাতে লক্ষ্য বাকচত থকা লিখনীটো মিলাবলৈ অনুবাদ কৰিব পাৰি।",ত্ৰুটি: বহুত চৰিত্ৰ,আপুনি অনুবাদ কৰিবলৈ চেষ্টা কৰা লিখনীৰ দৈৰ্ঘ্যই 4500 ৰ আখৰৰ সীমা অতিক্ৰম কৰে।,উত্‍স,লক্ষ্য
Aymara,ay,Arunak ajlliñamawa:,Ajlliña,Wikipedia Artículo Comparación Herramienta .,Alaña,Ajlliñani Herramienta de Comparación:,Sapa patakata uñtasïwi ajlliñani: 1.1.,Jaqukipaña,Qhana,Aru jakhu: 1.1.,Similaridad porcentaje: 1.1.,"Pantjasiw: ¡Janiw kuna qillqatas utjkiti, ukax Source Box ukankiwa!","Jaqukipañatakixa, qillqataxa fuente ukanxa wakisiwa, ukhamata Target uka chimpuxa chiqapa uñt’ayañataki jaqukipañataki.",Pantjasiwi: Walja jaqinakawa .,Qillqañ yant’apkta ukax 4500 ukharuw puri.,Phunti,Amta
Azerbaijani,az,Dil seçin:,Seçmək,Wikipedia məqalə müqayisə vasitəsi,Müqayisə etmək,Müqayisə alətini seçin:,Bənzərlik faizini seçin:,Tərcümə etmək,Aydın,Söz sayı:,Bənzərlik faizi:,Xəta: Mənbə qutusunda mətn yoxdur!,"Tərcümə etmək üçün, hədəf qutusundakı mətnin uyğunlaşdırıla bilməsi üçün mənbə qutusuna mətn lazımdır.",Xəta: Çox simvol,Tərcümə etməyə çalışdığınız mətnin uzunluğu 4500-ə qədərdir.,Mənbəyi,Hədəfi
Bambara,bm,kan sugandi:,Ka sugandi,Wikipedia article comparaison baarakɛminɛn .,Ka sanga,A’ ye Comparaison Tool sugandi:,Sugandili kɛ kɛmɛsarada la:,Ka bayɛlɛma,Jɛman,Daɲɛw jatebɔ:,O ɲɔgɔnna kɛmɛsarada la:,Misali: Sɛbɛnni tɛ sɔrɔ source box kɔnɔ!,"Walasa ka baara Kɛ, sɛbɛnni mago bɛ 'sèn na 'sènfɛ-yɔrɔ la walasa sɛbɛnni min bɛ laɲini-yɔrɔ la, o ka Se ka baara Kɛ ni o ye.",Misali: Karamɔgɔ caman kojugu .,"I b’a ɲini ka sɛbɛnni janya min baara, o bɛ tɛmɛ 4500 taamasiyɛn dan kan.",Bununda,Kun
Basque,eu,Hautatu Hizkuntza:,Hautatu,Wikipedia artikuluaren konparazio tresna,Alderatu,Hautatu Konparaziorako tresna:,Aukeratu antzekotasun portzentajea:,Itzuli,Hustu,Hitz kopurua:,Antzekotasun portzentajea:,ERROREA: ez da testurik iturburu-koadroan!,"Itzuli ahal izateko, testua behar da iturburu laukian, xede-koadroan testua bat datozen.",Errorea: pertsonaia gehiegi,Itzuli nahi duzun testuaren iraupena 4500 karaktere muga gainditzen du.,Iturri,Jomuga
Belarusian,be,Выберыце мову:,Выбіраць,Інструмент параўнання артыкулаў у Вікіпедыі,Параўноўваць,Выберыце інструмент параўнання:,Выберыце працэнт падабенства:,Перакладаць,Ясны,Колькасць слоў:,Працэнт падабенства:,Памылка: няма тэксту ў крыніцы!,"Для перакладу, тэкст неабходны ў крыніцы, каб тэкст у мэтавым полі можна было перавесці, каб адпавядаць.",Памылка: Занадта шмат сімвалаў,"Даўжыня тэксту, які вы спрабуеце перавесці, перавышае ліміт знакаў 4500.",Крыніца,Мішэнь
Bengali,bn,ভাষা নির্বাচন কর:,নির্বাচন করুন,উইকিপিডিয়া নিবন্ধ তুলনা সরঞ্জাম,তুলনা করা,তুলনা সরঞ্জাম নির্বাচন করুন:,সাদৃশ্য শতাংশ নির্বাচন করুন:,অনুবাদ করা,পরিষ্কার,শব্দ গণনা:,সাদৃশ্য শতাংশ:,ত্রুটি: উত্স বাক্সে কোনও পাঠ্য নেই!,"অনুবাদ করার জন্য, উত্স বাক্সে পাঠ্য প্রয়োজন যাতে লক্ষ্য বাক্সের পাঠ্যটি মেলে অনুবাদ করা যায়।",ত্রুটি: অনেকগুলি অক্ষর,আপনি যে পাঠ্যটি অনুবাদ করার চেষ্টা করছেন তার দৈর্ঘ্য 4500 এর চরিত্রের সীমা ছাড়িয়ে গেছে।,উৎস,লক্ষ্য
Bhojpuri,bho,भाषा के चयन करीं:,चुनीं,विकिपीडिया लेख के तुलना उपकरण,तुलना,तुलना करे वाला उपकरण के चयन करीं:,समानता के प्रतिशत चुनीं:,अनुवाद,साफ,शब्द के गिनती: 1।,समानता के प्रतिशत: 1.1.,त्रुटि: स्रोत बॉक्स में कवनो पाठ नइखे!,"अनुवाद करे खातिर, स्रोत बॉक्स में पाठ के जरूरत बा ताकि लक्ष्य बॉक्स में मौजूद पाठ के मिलान में अनुवाद कइल जा सके।",त्रुटि: बहुत ढेर अक्षर,जवना पाठ के रउरा अनुवाद करे के कोशिश करत बानी ओकर लंबाई 4500 के वर्ण सीमा से अधिका बा.,स्रोत,लक्ष्य
Bosnian,bs,Odaberite Jezik:,Odabrati,Alat za upoređivanje članaka Wikipedia,Uporediti,Odaberite sredstvo za usporedbu:,Odaberite postotak sličnosti:,Prevesti,Jasan,Broj riječi:,Procenat sličnosti:,GREŠKA: Nema teksta u izvornom okviru!,"Da biste prevodili, tekst je potreban u izvornom okviru tako da se tekst u ciljnom okviru može prevesti na podudaranje.",GREŠKA: Previše znakova,Dužina teksta na koju pokušavate prevesti prelazi granicu znakova od 4500.,Izvor,Ciljati
Bulgarian,bg,Избери език:,Изберете,Инструмент за сравнение на статии в Уикипедия,Сравнете,Изберете инструмент за сравнение:,Изберете Процент на сходство:,Превод,Ясно,Брой думи:,Процент на сходство:,Грешка: Няма текст в полето Източник!,"За да се преведе, текстът е необходим в полето Източник, така че текстът в целевото поле да може да бъде преведен в съвпадение.",Грешка: Твърде много знаци,"Дължината на текста, която се опитвате да преведете, надвишава границата на символите от 4500.",Източник,Мишена
Catalan,ca,Escolliu l'idioma:,Seleccionar,Eina de comparació de l'article de Viquipèdia,Comparar,Seleccioneu l'eina de comparació:,Seleccioneu percentatge de similitud:,Traduir,Clar,Nombre de paraules:,Percentatge de similitud:,Error: no hi ha text al quadre d'origen.,"Per traduir, es necessita text al quadre d'origen de manera que es pugui traduir el text del quadre de destinació.",Error: massa caràcters,La longitud del text que intenteu traduir supera el límit de caràcters de 4500.,Font,Objectiu
Cebuano,ceb,Pilia ang Pinulongan:,Mopili,Wikipedia Artics Comparison Tool,Itandi,Pilia ang pagtandi sa himan:,Pilia ang Porsyento sa Pagkamaayo:,Hubaron,Tataw,Pag-ihap sa pulong:,Porsyento sa Pagkamauyonan:,Sayup: Wala'y teksto sa Ginikanan nga kahon!,"Aron mahubad, gikinahanglan ang teksto sa gigikanan nga kahon aron ang teksto sa target nga kahon mahimong mahubad aron magkatugma.",Sayup: Daghang mga karakter,Ang gitas-on sa teksto nga imong gisulayan sa paghubad molabaw sa limitasyon sa karakter nga 4500.,Tinubdan,Target
Chichewa,ny,Sankhani Chiyankhulo:,Sankha,Chida chofanizira cha wikipedia,Fanizila,Sankhani Chida choyerekeza:,Sankhani magawo awiri:,Masulira,Koyera,Kuwerengera Mawu:,Kuphatikizidwanso:,Vuto: Palibe lembani mawu m'bokosi!,"Pofuna kumasulira, lembalo limafunikira m'bokosi logwedeza kuti malembawo m'bokosi landamale akhoza kumasuliridwa kuti agwirizane.",Vuto: Olemba ambiri,Kutalika kwa mawu omwe mukufuna kutanthauzira kumapitilira malire a 4500.,Chiyambi,Chage
Chinese (Simplified),zh-CN,选择语言：,选择,Wikipedia文章比较工具,比较,选择比较工具：,选择相似性百分比：,翻译,清除,字数：,相似性百分比：,错误：源框中没有文本！,为了翻译，需要在源框中进行文本，以便可以将目标框中的文本翻译成匹配。,错误：字符太多,您试图翻译的文本长度超过了4500的字符限制。,来源,目标
Chinese (Traditional),zh-TW,選擇語言：,選擇,Wikipedia文章比較工具,比較,選擇比較工具：,選擇相似性百分比：,翻譯,清除,字數：,相似性百分比：,錯誤：源框中沒有文本！,為了翻譯，需要在源框中進行文本，以便可以將目標框中的文本翻譯成匹配。,錯誤：字符太多,您試圖翻譯的文本長度超過了4500的字符限制。,來源,目標
Corsican,co,Selezziunate lingua:,Selezziunate,Articulu di paragone Wikipedia,Paragunate,Select Comparar Tool:,Selezziunà u percentuale di a similarità:,Traduci,CLEAR,Conte di parolla:,Percentualità di Similenity:,Errore: Nisun testu in casella di fonte!,"Per traduce, u testu hè necessariu in a casella fonte in modu chì u testu in a casella di destinazione pò esse tradutta à currisponde.",Errore: Troppu parechji caratteri,A lunghezza di u testu chì prova di traduce supera u limitu di u caratteru di 4500.,Fonte,Destinazione
Croatian,hr,Izaberi jezik:,Izaberi,Wikipedia Alat za usporedbu članka,Usporediti,Odaberite Alat za usporedbu:,Odaberite postotak sličnosti:,Prevedi,Čisto,Brojanje riječi:,Postotak sličnosti:,Pogreška: Nema teksta u izvornom okviru!,"Da bi se prevelo, potreban je tekst u izvornom okviru tako da se tekst u ciljanom okviru može prevesti u podudaranje.",Pogreška: Previše znakova,Duljina teksta koji pokušavate prevesti premašuje granicu karaktera od 4500.,Izvor,Cilj
Czech,cs,Zvolte jazyk:,Vybrat,Nástroj pro srovnání článků Wikipedia,Porovnat,Vyberte Porovnání nástroje:,Vyberte procento podobnosti:,přeložit,Průhledná,Počet slov:,Procento podobnosti:,Chyba: Žádný text ve zdrojovém poli!,"Aby bylo možné přeložit, je ve zdrojovém poli potřebný text, aby byl text v cílovém poli přeložen tak, aby odpovídal.",Chyba: Příliš mnoho znaků,"Délka textu, který se snažíte přeložit, přesahuje limit znaku 4500.",Zdroj,cílová
Danish,da,Vælg sprog:,Vælg,Wikipedia Artikel sammenligningsværktøj,Sammenligne,Vælg sammenligningsværktøj:,Vælg lighedsprocent:,Oversætte,Klar,Ordtælling:,Lighedsprocent:,Fejl: Ingen tekst i kildeboks!,"For at oversætte er der behov for tekst i kildeboksen, så teksten i målboksen kan oversættes til at matche.",Fejl: For mange tegn,"Længden af tekst, du prøver at oversætte, overstiger karaktergrænsen på 4500.",Kilde,Mål
Dhivehi,dv,ބަސް ހޮވާށެވެ:,ޚިޔާރުކުރުން,ވިކިޕީޑިއާ އާޓިކަލް ކޮމްޕެރިޝަން ޓޫލް,އަޅާކިޔުން,ކޮމްޕެރިޝަން ޓޫލް ހޮވާށެވެ:,ސިމިލާރިޓީ ޕަސެންޓޭޖް ހޮވާށެވެ:,ތަރުޖަމާކުރުން,ސާފުކޮށް,ލަފުޒުގެ އަދަދު:,އެއްގޮތްކަމުގެ އިންސައްތަ:,އެރަރ: ސޯސް ބޮކްސްގައި ޓެކްސްޓެއް ނެތް!,ތަރުޖަމާ ކުރުމަށްޓަކައި ސޯސް ބޮކްސްގައި ޓެކްސްޓް ބޭނުންވަނީ ޓާގެޓް ފޮށީގައި ހުންނަ ލިޔުން އެއްގޮތްވާ ގޮތަށް ތަރުޖަމާ ކުރެވޭނެ ގޮތަކަށެވެ.,އެރަރ: މާ ގިނަ ކެރެކްޓަރސް,ތަރުޖަމާ ކުރަން އުޅޭ ލިޔުމުގެ ދިގުމިން 4500 ގެ ކެރެކްޓަރ ލިމިޓަށްވުރެ ބޮޑުވެއެވެ.,އަސްލު,އަމާޒު
Dogri,doi,भाषा चुनो:,चुनो,विकिपीडिया लेख तुलना उपकरण,मकाबला करना,तुलनात्मक उपकरण चुनें:,समानता दा प्रतिशत चुनो:,अनुवाद करना,साफ,शब्द गिनती:,समानता प्रतिशत:,त्रुटि: स्रोत बॉक्स च कोई पाठ नेईं !,"अनुवाद करने आस्तै, स्रोत बॉक्स च पाठ दी लोड़ ऐ तां जे लक्ष्य बॉक्स च पाठ गी मिलान करने आस्तै अनुवाद कीता जाई सकै.",त्रुटि: बहुत सारे वर्ण,पाठ दी लंबाई जिसदा तुस अनुवाद करने दी कोशश करा दे ओ 4500 दी वर्ण सीमा कोला बी मती ऐ।,जरिया,नशाना
Dutch,nl,Selecteer taal:,Uitkiezen,Wikipedia Artikel Vergelijkingstool,Vergelijken,Selecteer Vergelijkingstool:,Selecteer overeenkomstpercentage:,Vertalen,Duidelijk,Aantal woorden:,Gelijkenispercentage:,Fout: geen tekst in het bronbox!,"Om te vertalen, is tekst nodig in het brongox zodat de tekst in het doelvak kan worden vertaald om te matchen.",Fout: te veel tekens,De lengte van de tekst die u probeert te vertalen overschrijdt de tekenlimiet van 4500.,Bron,Doel
English,en,Select Language:,Select,Wikipedia Article Comparison Tool,Compare,Select comparison tool:,Select similarity percentage:,Translate,Clear,Word Count:,Similarity Percentage:,ERROR: NO TEXT IN SOURCE BOX!,"In order to translate, text is needed in the Source box so that the text in the Target box can be translated to match.",ERROR: Too many characters,The length of text you are trying to translate exceeds the character limit of 4500.,Source,Target
Esperanto,eo,Elektu Lingvon:,Elektu,Vikipedio Artikola Kompara Ilo,Komparu,Elektu Kompara Ilo:,Elektu Similecan Procenton:,Traduki,Klara,Sumo da vortoj:,Simila Procento:,Eraro: Neniu teksto en fontkesto!,"Por traduki, teksto necesas en la fontkesto por ke la teksto en la cela skatolo estu tradukita por kongrui.",Eraro: Tro multaj signoj,"La longeco de teksto, kiun vi provas traduki, superas la karakteron limo de 4500.",Fonto,Celo
Estonian,et,Vali keel:,Valima,Vikipeedia artikli võrdlusvahend,Võrdlema,Valige võrdlusriist:,Valige sarnasuse protsent:,Tõlkima,Selge,Sõnade arv:,Sarnasuse protsent:,Viga: lähtekastis pole teksti!,"Tõlkimiseks on lähtekastis vaja teksti, nii et sihtkasti teksti saab tõlkida vastavalt sobivaks.",Viga: liiga palju märke,"Teksti pikkus, mida proovite tõlkida, ületab tähemärgi piiri 4500.",Allikas,Sihtmärk
Ewe,ee,Tia Gbegbɔgblɔ:,Tia,Wikipedia nyatiwo tsɔtsɔ sɔ kple wo nɔewo ƒe dɔwɔnu .,Tsɔe sɔ,Tia Dɔwɔnu si Wotsɔ Sɔ Kple Wo Nɔewo:,Tia nusiwo ɖi wo nɔewo ƒe alafa memamã:,Ɖe gbe gɔme,Me kᴐ,Nyawo ƒe xexlẽme:,Nusiwo ɖi wo nɔewo ƒe alafa memamã:,Vodada: Nuŋɔŋlɔ aɖeke mele dzɔtsoƒe ƒe aɖaka me o!,"Be woateŋu aɖe egɔme la, nuŋɔŋlɔ hiã le dzɔtsoƒe ƒe aɖaka me ale be woate ŋu aɖe nuŋɔŋlɔ si le taɖodzinu ƒe aɖaka me be wòasɔ.",Vodada: ŋɔŋlɔdzesi geɖe akpa .,Nuŋɔŋlɔ ƒe didime si nèle agbagba dzem be yeaɖe gɔme la wu ŋɔŋlɔdzesi ƒe seɖoƒe si nye 4500.,Dzᴐtsoƒe,Taɖodzinu
Filipino,tl,Piliin ang Wika:,Piliin,Tool ng paghahambing sa artikulo ng Wikipedia,Ihambing,Piliin ang Tool ng Paghahambing:,Piliin ang pagkakapareho porsyento:,Isalin,Malinaw,Bilang ng salita:,Pagkakapareho porsyento:,Error: Walang teksto sa kahon ng mapagkukunan!,"Upang maisalin, kinakailangan ang teksto sa kahon ng mapagkukunan upang ang teksto sa target na kahon ay maaaring isalin upang tumugma.",Error: masyadong maraming mga character,Ang haba ng teksto na sinusubukan mong isalin ay lumampas sa limitasyon ng character na 4500.,Pinagmulan,Target
Finnish,fi,Valitse kieli:,Valita,Wikipedia -artikkelin vertailutyökalu,Vertailla,Valitse vertailutyökalu:,Valitse samankaltaisuusprosentti:,Kääntää,Asia selvä,Sanamäärä:,Samankaltaisuusprosentti:,Virhe: Ei tekstiä lähdekotelossa!,"Kääntämiseksi tekstiä tarvitaan lähdealaatikkoon, jotta kohderuutuun teksti voidaan kääntää vastaamaan.",Virhe: Liian monta merkkiä,"Tekstin pituus, jonka yrität kääntää, ylittää merkkirajan 4500.",Lähde,Kohde
French,fr,Choisir la langue:,Sélectionner,Outil de comparaison de l'article Wikipedia,Comparer,Sélectionnez l'outil de comparaison:,Sélectionnez le pourcentage de similitude:,Traduire,Claire(feminine),Nombre de mots:,Pourcentage de similitude:,Erreur: pas de texte dans la boîte source!,"Pour traduire, le texte est nécessaire dans la zone source afin que le texte de la zone cible puisse être traduit pour correspondre.",Erreur: trop de caractères,La longueur du texte que vous essayez de traduire dépasse la limite de caractères de 4500.,Source,Cible
Frisian,fy,Selektearje taal:,Útkieze,Wikipedia-artikel fergeliking Tool,Fergelykje,Selektearje fergeliking ark:,SELECT SPENTALING PERCENTAGE:,Oersette,Opklearje,Wurdtelling:,Fergang persintaazje:,ERROR: Gjin tekst yn boarnekast!,"Om te oersetten om tekst te oersetten is nedich yn it boarne-doaze, sadat de tekst yn 'e doelfak yn' e doel is oerset om te oerienkomme.",Flater: te folle karakters,De lingte fan tekst dy't jo besykje om te oersetten grutter dan de karaktergrins fan 4500.,Boarne,Doel
Galician,gl,Selecciona Idioma:,Selecciona,Ferramenta de comparación de artigos de Wikipedia,Comparar,Seleccione Ferramenta de comparación:,Selecciona porcentaxe de semellanza:,Traducir,Claro,Conta de palabras:,Porcentaxe de semellanza:,Erro: sen texto na caixa de orixe!,"Para traducir, é necesario un texto na caixa de orixe para que o texto da caixa de destino se poida traducir a coincidir.",Erro: demasiados personaxes,A lonxitude do texto que está intentando traducir supera o límite de caracteres de 4500.,Fonte,Obxectivo
Georgian,ka,Აირჩიეთ ენა:,გადარჩევა,ვიკიპედიის სტატიის შედარების ინსტრუმენტი,შედარება,აირჩიეთ შედარების ინსტრუმენტი:,აირჩიეთ მსგავსების პროცენტი:,თარგმნა,გასუფთავება,სიტყვების დათვლა:,მსგავსების პროცენტი:,შეცდომა: ტექსტი არ არის წყაროს ყუთში!,"თარგმნის მიზნით, ტექსტი საჭიროა წყაროს ყუთში ისე, რომ სამიზნე ყუთში ტექსტის თარგმნა მოხდეს.",შეცდომა: ძალიან ბევრი სიმბოლო,"ტექსტის სიგრძე, რომლის თარგმნასაც ცდილობთ, აღემატება პერსონაჟის ზღვარს 4500.",წყარო,სამიზნე
German,de,Sprache auswählen:,Wählen,Wikipedia -Artikelvergleichsinstrument,Vergleichen,Wählen Sie Vergleichswerkzeug:,Wählen Sie Ähnlichkeitsprozentsatz:,Übersetzen,Klar,Wortzahl:,Ähnlichkeitsprozentsatz:,Fehler: Kein Text im Quellfeld!,"Um zu übersetzen, wird im Quellfeld Text benötigt, damit der Text im Zielfeld in die übereinstimmende Übersetzung übersetzt werden kann.",Fehler: Zu viele Zeichen,"Die Länge des Textes, die Sie übersetzen möchten, überschreitet die Zeichengrenze von 4500.",Quelle,Ziel
Greek,el,Επιλέξτε γλώσσα:,Επιλέγω,Εργαλείο σύγκρισης άρθρων Wikipedia,Συγκρίνω,Επιλέξτε εργαλείο σύγκρισης:,Επιλέξτε Ποσοστό ομοιότητας:,Μεταφράζω,Σαφή,Καταμέτρηση λέξεων:,Ποσοστό ομοιότητας:,Σφάλμα: Δεν υπάρχει κείμενο στο πλαίσιο πηγής!,"Προκειμένου να μεταφραστεί, απαιτείται κείμενο στο πλαίσιο πηγής έτσι ώστε το κείμενο στο πλαίσιο προορισμού να μπορεί να μεταφραστεί ώστε να ταιριάζει.",Σφάλμα: Πάρα πολλοί χαρακτήρες,Το μήκος του κειμένου που προσπαθείτε να μεταφράσετε υπερβαίνει το όριο χαρακτήρων 4500.,Πηγή,Στόχος
Guarani,gn,Eiporavo ñe’ẽ: .,Poravo,Wikipedia artículo Ñembojojaha Tembipururã .,Mbojoja,Eiporavo Tembipururã Ñembojojaha: .,Eiporavo porcentaje de similaridad:,Ñe'ẽmbohasa,Hesakã,Ñe’ẽ jepapa: .,Porcentaje de similaridad rehegua: .,Error: ¡No hay texto en cuadro de fuente!,"Ikatu hag̃uáicha oñembohasa, oñeikotevẽ jehaipyre pe kuatiarogue ryru’ípe ikatu hag̃uáicha oñembohasa pe jehaipyre oĩva pe cuadro de destino-pe ojoaju hag̃ua.",Jejavy: Hetaiterei tai .,Pe jehaipyre pukukue reñeha’ãva rembohasa ohasa pe límite de carácter 4500-pe.,Heñoipy,Morotĩ
Gujarati,gu,ભાષા પસંદ કરો:,પસંદ કરો,વિકિપીડિયા લેખ તુલના સાધન,તુલના,સરખામણી સાધન પસંદ કરો:,સમાનતા ટકાવારી પસંદ કરો:,ભાષાંતર કરવું,ચોખ્ખુ,શબ્દગણના:,સમાનતા ટકાવારી:,ભૂલ: સ્રોત બ in ક્સમાં કોઈ ટેક્સ્ટ નથી!,"અનુવાદ કરવા માટે, સ્રોત બ box ક્સમાં ટેક્સ્ટની જરૂર છે જેથી લક્ષ્ય બ in ક્સમાંનો ટેક્સ્ટ મેચ કરવા માટે અનુવાદિત થઈ શકે.",ભૂલ: ઘણા બધા અક્ષરો,તમે ભાષાંતર કરવાનો પ્રયાસ કરી રહ્યાં છો તે ટેક્સ્ટની લંબાઈ 4500 ની પાત્ર મર્યાદાથી વધી જાય છે.,મૂળ કારણ,નિશાન
Haitian Creole,ht,Chwazi lang:,Chwazi,Wikipedia Atik Konparezon Zouti,Konpare,Chwazi zouti konparezon:,Chwazi pousantaj resanblans:,Tradui,Klè,Konte mo:,Pousantaj resanblans:,Erè: Pa gen tèks nan bwat sous!,"Yo nan lòd yo tradui, se tèks ki nesesè nan bwat la sous pou ke tèks la nan bwat la sib ka tradui matche ak.",Erè: twòp karaktè,Longè a nan tèks ou yo ap eseye tradui depase limit la karaktè nan 4500.,Sous,Sib
Hausa,ha,Zabi Harshe:,Zaɓa,Aikin kwatanta kayan aikin Wikipedia,Gwada,Select da Kwatanta Kayan aiki:,Zabi Kayayyaki Mai kama:,Fassara,Share,Lissafin kalma:,Kimanin kashi ɗaya:,Kuskure: Babu rubutu a cikin akwatin tushe!,"Don fassara, ana buƙatar rubutu a cikin akwatin tushen don rubutun da aka yi a cikin akwatin manufa za a iya fassara shi don dacewa.",Kuskure: haruffa da yawa,Tsawon rubutu da kake ƙoƙarin fassara ya wuce iyakar harafin 4500.,Mafari,Manufa
Hawaiian,haw,Koho i ka'ōlelo:,Koho,Palapala Hoʻohālikelike Wikipedia,Hoʻohālikelike,E koho i nā mea hoʻohālikelike:,E koho i nāʻano likeʻole:,Unuhi MOOLE,Maopopo,Heluhelu hua'ōlelo:,Kaʻina like:,ERROR:ʻAʻohe hua'ōlelo ma ka pahu kumu!,"I mea e unuhi ai, ponoʻia nā kikokikona i loko o ka pahu kumu i hiki ai ke unuhi i ka pahu ma ka pahu pahuhopu.",Hapa: He nui nā huapalapala,ʻO ka lōʻihi o nā kikokikona āu e ho'āʻo nei e unuhi i nā mea iʻoi aku ma mua o keʻano o keʻano o 4500.,Kumu,Kaukai
Hebrew,iw,בחר שפה:,בחר,כלי השוואת מאמרים בוויקיפדיה,לְהַשְׁווֹת,בחר בכלי השוואה:,בחר אחוז דמיון:,לתרגם,ברור,ספירת מילים:,אחוז דמיון:,שגיאה: אין טקסט בתיבת המקור!,"על מנת לתרגם, יש צורך בטקסט בתיבת המקור כך שניתן לתרגם את הטקסט בתיבת היעד כדי להתאים.",שגיאה: יותר מדי תווים,אורך הטקסט שאתה מנסה לתרגם עולה על גבול הדמות של 4500.,מָקוֹר,יַעַד
Hindi,hi,भाषा चुने:,चुनना,विकिपीडिया लेख तुलना उपकरण,तुलना करना,तुलनात्मक उपकरण का चयन करें:,समानता प्रतिशत का चयन करें:,अनुवाद,साफ़,शब्द गणना:,समानता प्रतिशत:,त्रुटि: स्रोत बॉक्स में कोई पाठ नहीं!,"अनुवाद करने के लिए, स्रोत बॉक्स में पाठ की आवश्यकता होती है ताकि लक्ष्य बॉक्स में पाठ को मैच के लिए अनुवादित किया जा सके।",त्रुटि: बहुत सारे वर्ण,"आप जिस पाठ की लंबाई का अनुवाद करने की कोशिश कर रहे हैं, वह 4500 की चरित्र सीमा से अधिक है।",स्रोत,लक्ष्य
Hmong,hmn,Xaiv lus:,Xaiv,Wikipedia tshooj lus sib piv,Muab piv,Xaiv cov cuab yeej sib piv:,Xaiv Feem Ntau:,Txhais lus,Meej,Lo Lus suav:,Feem pua feem pua:,Yuam Kev: Tsis muaj cov ntawv sau rau hauv lub thawv ntawv!,"Txhawm rau txhais, cov ntawv nyeem xav tau nyob rau hauv lub thawv thiaj li tias cov ntawv sau hauv lub thawv ntim khoom tuaj yeem muab txhais ua ke.",Yuam kev: ntau lub cim,Qhov ntev ntawm cov ntawv koj tab tom sim los txhais lus tshaj tus cwj pwm txwv ntawm 4500.,Lub hauv paus,Lub hom phiaj
Hungarian,hu,Válasszon nyelvet:,Válasszon,Wikipedia cikk összehasonlító eszköz,Összehasonlít,Válassza ki az összehasonlító eszközt:,Válassza ki a hasonlósági százalékot:,fordít,Egyértelmű,Szavak száma:,Hasonlósági százalék:,Hiba: Nincs szöveg a forrás mezőben!,"A fordításhoz a forrásmezőben szövegesnek kell lennie, hogy a cél mezőben lévő szöveg lefordítható legyen.",Hiba: Túl sok karakter,A lefordítani kívánt szöveg hossza meghaladja a 4500 karakterhatárot.,Forrás,Cél
Icelandic,is,Veldu tungumál:,Veldu,Wikipedia grein samanburðartæki,Berðu saman,Veldu samanburðartæki:,Veldu líkingarprósentu:,Þýða,Tær,Orða talning:,Líkt hlutfall:,Villa: Enginn texti í upprunakassa!,Til að þýða er þörf á texta í upprunakassanum svo hægt sé að þýða textann í markboxinu til að passa.,Villa: Of margir stafir,Lengd texta sem þú ert að reyna að þýða er yfir stafatakmörkin 4500.,Uppspretta,Skotmark
Igbo,ig,Họrọ Asụsụ:,Ighoputa,Wikipedia edemede Ngwá Ọrụ,Itulerita,Họrọ ntụnyere:,Họrọ Paysttụ myiri:,Itughari,Agwa idiocha,Guag:,Myirita-iche:,Njehie: Enweghị ederede ederede na igbe akwụkwọ ndụ!,"Iji tụgharịa, ederede dị na igbe mmalite nke mere na enwere ike sụgharịa ederede nke lekwasịrị anya na egwuregwu.",Njehie: ọtụtụ mkpụrụ edemede,Ogologo ederede ị na-anwa ịsụgharị karịa agwa 4500.,Nsiputa,Taget
Ilocano,ilo,Pilien ti pagsasao:,Agpili,Remienta ti panagidilig ti artikulo ti Wikipedia .,Iyasping,Pilien ti Remienta ti Panagkompara:,Pilien ti porsiento ti panagpapada:,Itarus,Nalawag,Panagbilang iti Sao:,Porsiento ti Panagpada:,Biddut: Awan ti teksto iti source box!,"Tapno maipatarus, kasapulan ti teksto iti kahon ti taudan tapno ti teksto iti kahon ti puntiria ket maipatarus a maitunos.",Biddut: Adu unay dagiti karakter .,Ti kaatiddog ti teksto nga ikagkagumaam nga ipatarus ket lumablabas iti limitasion ti karakter a 4500.,Pammataudan,Gandat
Indonesian,id,Pilih bahasa:,Pilih,Alat Perbandingan Artikel Wikipedia,Membandingkan,Pilih Alat Perbandingan:,Pilih persentase kesamaan:,Menerjemahkan,Jernih,Jumlah kata:,Persentase Kesamaan:,Kesalahan: Tidak ada teks di kotak sumber!,"Untuk menerjemahkan, teks diperlukan di kotak sumber sehingga teks di kotak target dapat diterjemahkan agar cocok.",Kesalahan: Terlalu banyak karakter,Panjang teks yang Anda coba terjemahkan melebihi batas karakter 4500.,Sumber,Target
Irish,ga,Roghnaigh Teanga:,Ar leith,Uirlis Comparáide Airteagal Vicipéid,Comparáid a dhéanamh i,Roghnaigh Uirlis Comparáide:,Roghnaigh Céatadán Cosúlachta:,Aistrigh,Glan amach,Líon focal:,Céatadán cosúlachta:,Earráid: Gan téacs sa bhosca foinse!,"D'fhonn aistriú, tá gá le téacs sa bhosca foinse ionas gur féidir an téacs sa bhosca sprice a aistriú go comhoiriúnach.",Earráid: An iomarca carachtair,Sáraíonn fad an téacs atá tú ag iarraidh a aistriú an teorainn charachtair de 4500.,Aimsigh,Cuir le
Italian,it,Seleziona la lingua:,Selezionare,Strumento di confronto degli articoli di Wikipedia,Confrontare,Seleziona lo strumento di confronto:,Seleziona percentuale di somiglianza:,Tradurre,Chiara(feminine),Conteggio delle parole:,Percentuale di somiglianza:,Errore: nessun testo nella casella di origine!,"Per tradurre, è necessario un testo nella casella di origine in modo che il testo nella casella di destinazione possa essere tradotto in modo da abbinare.",Errore: troppi caratteri,La lunghezza del testo che stai cercando di tradurre supera il limite di carattere di 4500.,Fonte,Bersaglio
Japanese,ja,言語を選択する：,選択する,ウィキペディアの記事比較ツール,比較,比較ツールを選択します：,類似性の割合を選択します：,翻訳,クリア,単語数：,類似性率：,エラー：ソースボックスにテキストはありません！,翻訳するには、ターゲットボックスのテキストを一致するように翻訳できるように、ソースボックスにテキストが必要です。,エラー：文字が多すぎます,翻訳しようとしているテキストの長さは、4500の文字制限を超えています。,ソース,目標
Javanese,jw,Pilih basa:,Pilih,Alat Wikipedia Competaning Tool,Mbandhingake,Pilih Alat Compargaison:,Pilih Persentase Kesetaraan:,Translate,Cetha,Tembung count:,Persentasi kesetaraan:,Kesalahan: Ora ana teks ing kothak sumber!,"Kanggo nerjemahake, teks dibutuhake ing kothak sumber supaya teks ing kothak target bisa diterjemahake.",Kesalahan: Akeh karakter,Dawane teks sing sampeyan coba kanggo nerjemahake ngluwihi watesan karakter 4500.,Sumber,Target
Kannada,kn,ಭಾಷೆಯನ್ನು ಆಯ್ಕೆಮಾಡಿ:,ಆಯ್ಕೆ ಮಾಡಿ,ವಿಕಿಪೀಡಿಯ ಲೇಖನ ಹೋಲಿಕೆ ಸಾಧನ,ಹೋಲಿಸು,ಹೋಲಿಕೆ ಸಾಧನವನ್ನು ಆಯ್ಕೆಮಾಡಿ:,ಹೋಲಿಕೆ ಶೇಕಡಾವಾರು ಆಯ್ಕೆಮಾಡಿ:,ಅನುವಾದಿಸು,ಸ್ಪಷ್ಟ,ಪದ ಎಣಿಕೆ:,ಹೋಲಿಕೆ ಶೇಕಡಾವಾರು:,ದೋಷ: ಮೂಲ ಪೆಟ್ಟಿಗೆಯಲ್ಲಿ ಯಾವುದೇ ಪಠ್ಯವಿಲ್ಲ!,"ಭಾಷಾಂತರಿಸಲು, ಮೂಲ ಪೆಟ್ಟಿಗೆಯಲ್ಲಿ ಪಠ್ಯದ ಅಗತ್ಯವಿದೆ ಇದರಿಂದ ಗುರಿ ಪೆಟ್ಟಿಗೆಯಲ್ಲಿರುವ ಪಠ್ಯವನ್ನು ಹೊಂದಿಸಲು ಅನುವಾದಿಸಬಹುದು.",ದೋಷ: ಹಲವಾರು ಅಕ್ಷರಗಳು,ನೀವು ಭಾಷಾಂತರಿಸಲು ಪ್ರಯತ್ನಿಸುತ್ತಿರುವ ಪಠ್ಯದ ಉದ್ದವು 4500 ರ ಅಕ್ಷರ ಮಿತಿಯನ್ನು ಮೀರಿದೆ.,ಮೂಲ,ಗುರಿ
Kazakh,kk,Тілді таңдаңыз:,Іріктеу,Википедия мақаласын салыстыру құралы,Салыстыру,Салыстыру құралын таңдаңыз:,Ұқсастық пайызын таңдаңыз:,Аудару,Айқын,Сөз саны:,Ұқсастық пайызы:,ҚАТЕ: Бастапқы жолақтағы мәтін жоқ!,"Аудару үшін мәтін ұяшығындағы мәтінді сәйкестендіруге болатындай етіп, мәтін жолағында қажет.",Қате: тым көп таңбалар,Сіз аударуға тырысатын мәтіннің ұзындығы 4500 таңбадан асады.,Қайнар көз,Нысана
Khmer,km,ជ្រើសរើសភាសា:,រេចីសរើស,ឧបករណ៍ប្រៀបធៀបអត្ថបទវិគីភីឌា,រេប្យបធ្យេប,ជ្រើសរើសឧបករណ៍ប្រៀបធៀប:,ជ្រើសរើសភាគរយស្រដៀងគ្នា:,បករេប,ផ្លឺ,រាប់ពាក្យ:,ភាគរយស្រដៀងគ្នា:,កំហុស: គ្មានអត្ថបទនៅក្នុងប្រអប់ប្រភព!,ដើម្បីបកប្រែអត្ថបទត្រូវការជាចាំបាច់នៅក្នុងប្រអប់ប្រភពដូច្នេះអត្ថបទក្នុងប្រអប់គោលដៅអាចត្រូវបានបកប្រែដើម្បីផ្គូផ្គង។,កំហុស: តួអក្សរច្រើនពេក,រយៈពេលនៃអត្ថបទដែលអ្នកកំពុងព្យាយាមបកប្រែលើសកំណត់តួអក្សរចំនួន 4500 ។,របផប,គោលដៅ
Kinyarwanda,rw,Hitamo Ururimi:,Hitamo,Wikipedia Ingingo yo Kugereranya igikoresho,Gereranya,Hitamo igikoresho cyo kugereranya:,Hitamo ijanisha:,Sobanura,Birasobanutse,Ijambo Kubara:,Ijanisha risa na:,Ikosa: Nta nyandiko mu gasanduku k'inkomoko!,"Kugirango uhindure, inyandiko irakenewe mu gasanduku k'inkomoko kugirango inyandiko iri mu gasanduku igenewe guhindurwa guhuza.",Ikosa: Inyuguti nyinshi,Uburebure bw'inyandiko ugerageza guhindura birenga inyuguti ntarengwa ya 4500.,Isoko,Intego
Konkani,gom,भास निवडात: 1.1.,वेंचचें,विकिपीडिया लेख तुळा साधन,तुळा,तुळा साधन निवडात: 1.1.,समानताय टक्केवारी निवडात: 1.1.,अणकार करचो,नितळ,शब्द गणना: 1 .,सारकेपण टक्केवारी: १.,त्रुटी: स्रोत बॉक्सांत मजकूर ना!,"अणकार करपाखातीर, लक्ष्य पेटींतलो मजकूर जुळोवंक मेळचो म्हणून मजकूराची गरज आसा, जाका लागून मजकूराची गरज आसता.",त्रुटी: चड अक्षरां .,तुमी अणकार करपाचो यत्न करतात त्या मजकूराची लांबाय 4500 च्या वर्ण मर्यादे परस चड आसता.,स्त्रोत,लक्ष्य
Korean,ko,언어 선택 :,선택하다,Wikipedia 기사 비교 도구,비교하다,비교 도구 선택 :,유사성 백분율 선택 :,번역하다,분명한,단어 수:,유사성 백분율 :,오류 : 소스 박스에 텍스트가 없습니다!,번역하려면 대상 상자의 텍스트를 일치하도록 번역 할 수 있도록 소스 상자에 텍스트가 필요합니다.,오류 : 너무 많은 문자,번역하려는 텍스트 길이는 4500의 문자 한계를 초과합니다.,원천,표적
Krio,kri,Pik Langwej:,Pik,Wikipedia Atikul Kɔmpiashɔn Tul .,Kɔmpia,Pik Kɔmpiashɔn Tul:,Selekt Similarity Pasɛnt:,Translet,Klia,Wod kɔnt:,Di pasɛnt we fiba:,Erɔd: Nɔ tɛks nɔ de na sɔs bɔks!,"Fɔ mek dɛn ebul fɔ translet, dɛn nid fɔ rayt di tɛks na di sɔs bɔks so dat dɛn go ebul fɔ translet di tɛks we de na di bɔks we dɛn want fɔ translet fɔ mek i mach.",Erɔd: Tumɔs karakta dɛn .,Di lɔng we aw yu de tray fɔ translet pas di karakta limit we na 4500.,Usay i kɔmɔt,Tagɛt
Kurdish (Kurmanji),ku,Ziman hilbijêrin:,Neqandin,Wateya Gotarê Wikipedia Wikipedia,Mûqayesekirin,Vebijêrk berhevkariyê hilbijêrin:,Ji sedî wekheviyê hilbijêrin:,Wergerandin,Zelal,Word Count:,Sermiyeya Sînorê:,Rorewtî: Di qutiya çavkaniyê de nivîs tune!,"Ji bo wergerandinê, nivîs di qutiya çavkaniyê de hewce ye ku nivîsa di quncikê armancê de dikare were wergerandin.",Erewtî: Pir tîpan,Dirêjiya nivîsa ku hûn hewl didin wergerînin ji sînorê karakterê 4500 derbas dibe.,Kanî,Armanc
Kurdish (Sorani),ckb,زمان هەڵبژێرە:,دەسنیاشنکردن,ئامرازی بەراوردکردنی بابەتەکانی ویکیپیدیا,بەراورد,ئامرازی بەراوردکردن هەڵبژێرە:,ڕێژەی لێکچوونی هەڵبژێرە:,وەرگێڕان,ڕوون,ژمارەی وشەکان:,ڕێژەی لێکچوون:,هەڵە: هیچ دەقێک لە بۆکسی سەرچاوەدا نییە!,بۆ ئەوەی وەربگێڕدرێت، دەق لە بۆکسی سەرچاوەدا پێویستە بۆ ئەوەی دەقەکە لە بۆکسی ئامانجدا وەربگێڕدرێت بۆ ئەوەی هاوتا بێت.,هەڵە: زۆر پیت,ئەو درێژییەی دەق کە هەوڵی وەرگێڕانی دەدەیت، سنووری کاراکتەری ٤٥٠٠ تێدەپەڕێنێت.,سەرچاوە,ئامانج
Kyrgyz,ky,Тил тандаңыз:,Тандоо,Wikipedia макаласын салыштыруу куралы,Салыштыруу,Салыштыруу куралы:,Окшоштуктун пайызын тандаңыз:,Которуу,Тазалоо,Сөздөрдүн саны:,Окшоштук пайызы:,Ката: Булак кутучасында текст жок!,"Максаттуу кутучанын текстиндеги текстке которулушу үчүн, текст кутучасына которуу үчүн текст керек.",Ката: Каармандардын өтө көп,Сиз которууга аракет кылган тексттин узундугу 4500 белгиден ашып кетти.,Булак,Максат
Lao,lo,ເລືອກພາສາ:,ເລືອກ,ວິກິພີເດຍປຽບທຽບ Compiaple,ປຽບທຽບ,ເລືອກເຄື່ອງມືປຽບທຽບ:,ເລືອກອັດຕາສ່ວນຄວາມຄ້າຍຄືກັນ:,ແປ,ແຈ່ມແຈ້ງ,ຄໍານັບ:,ອັດຕາສ່ວນຮ້ອຍທີ່ຄ້າຍຄືກັນ:,ຂໍ້ຜິດພາດ: ບໍ່ມີຂໍ້ຄວາມໃນກ່ອງແຫຼ່ງຂໍ້ມູນ!,"ໃນການແປ, ຂໍ້ຄວາມແມ່ນມີຄວາມຈໍາເປັນໃນກ່ອງແຫຼ່ງເພື່ອໃຫ້ຂໍ້ຄວາມໃນກ່ອງເປົ້າຫມາຍສາມາດແປເປັນການແຂ່ງຂັນ.",ຄວາມຜິດພາດ: ຕົວອັກສອນຫຼາຍເກີນໄປ,ຄວາມຍາວຂອງຂໍ້ຄວາມທີ່ທ່ານກໍາລັງພະຍາຍາມແປເກີນຂີດຈໍາກັດຂອງຕົວອັກສອນ 4500.,ທີ່ມາ,ເປົ້າຫມາຍ
Latin,la,Lego Language:,Selego,Wikipedia article collatio tool,Comparo,Select collatio tool:,Select similitudo percentage:,Transfero,Liquido,Verbum comitem:,Similitudo CENTESIMA:,Error: Non illud in Source Box!,"Ut interpretari, illud est opus in fonte buxum ut illud in target arca archa potest translati ad par.",Error: Nimis multi characters,Longitudo textus vos es trying ut translate excedit ad mores modus de (IV) D.,Fons,Target
Latvian,lv,Izvēlēties valodu:,Atlasīt,Wikipedia rakstu salīdzināšanas rīks,Salīdzināt,Atlasīt salīdzināšanas rīku:,Izvēlieties līdzības procentuālo daudzumu:,Tulkot,Noskaidrot,Vārdu skaits:,Līdzības procents:,Kļūda: Avota lodziņā nav teksta!,"Lai tulkotu, avota lodziņā ir nepieciešams teksts, lai mērķa lodziņa tekstu varētu tulkot atbilstoši.",Kļūda: pārāk daudz rakstzīmju,Jūsu mēģinātā teksta garums pārsniedz rakstzīmju ierobežojumu 4500.,Avots,Tēlot
Lingala,ln,Pona monoko:,Kopona,Wikipedia Esaleli ya kokokanisa biloko .,Kokokanisa,Pona esaleli ya bokokanisi:,Pona Pourcentage ya Bokokani:,Kobongola,Polele,Kotánga ya maloba:,Bokokani ya motuya ya bato:,Erreur: Texte te na boîte de source!,"Mpo na kobongola, esengeli kosala makomi na esika oyo bakomi source mpo ete makomi oyo ezali na kati ya esika oyo ozali koluka ekoki kobongolama mpo na kokokana na yango.",Erreur: Ba caractères ebele mingi .,Bolai ya makomi oyo ozali koluka kobongola eleki ndelo ya elembo ya 4500.,Esika,Eloko bazokana
Lithuanian,lt,Pasirinkite kalbą:,Pasirinkite,Vikipedijos straipsnių palyginimo įrankis,Palyginkite,Pasirinkite palyginimo įrankį:,Pasirinkite panašumo procentą:,Išversti,Aišku,Žodžių skaičius:,Panašumo procentas:,Klaida: Šaltinio laukelyje nėra teksto!,"Norint versti, šaltinio laukelyje reikia teksto, kad tiksliniame laukelyje tekstas būtų išverstas taip, kad atitiktų.",Klaida: per daug simbolių,"Teksto ilgis, kurį bandote išversti, viršija 4500 simbolių limitą.",Šaltinis,Taikinys
Luganda,lg,Londa olulimi:,Okulonda,Wikipedia ekiwandiiko ekigerageranya ekiwandiiko .,Okugattika,Londa ekintu ekigerageranya:,Londa okufaanagana ku buli kikumi:,Okuvvunula,Okumalawo,Okubala ebigambo:,Okufaanagana ku buli kikumi:,Ensobi: Tewali kiwandiiko mu kasanduuko k'ensibuko!,"Okusobola okuvvuunula, ebiwandiiko byetaagibwa mu kasanduuko k’ensibuko ekiwandiiko ekiri mu kasanduuko akagendererwamu kisobole okuvvuunulwa okukwatagana.",Ensobi: Ennukuta nnyingi nnyo .,Obuwanvu bw’ekiwandiiko ky’ogezaako okuvvuunula busukka ekkomo ly’empisa erya 4500.,Ensibuko,Ssabaawa
Luxembourgish,lb,Wielt Bitt:,Et wielt,WikipediaS Artikel erfëllt,Verglach,Wielt Verglach Tool:,Wielt Ähnlechkeet Prozentsaz:,Iwwersetzen,Liichten,Wuertmeeschter:,Ähnlechkeet Prozentsaz:,Feeler: keen Text an der Quellbox!,"Fir ze iwwersetzen, Text ass an der Quellbox gebraucht sou datt den Text an der Zilkëscht kann iwwersat ginn.",Feeler: ze vill Zeechen,D'Längt vum Text deen Dir probéiert iwwerzezéien iwwerschreift d'Charakter Limit vu 4500.,Quellatioun,Zilrät
Maithili,mai,भाषा चुनू:,चुननाइ,विकिपीडिया लेख तुलना उपकरण,तुलना,तुलना उपकरण चुनें:,समानता प्रतिशत चुनें:,भाषांतर केनाइ,साफ,शब्द गिनती : १.,समानता प्रतिशत : १.,त्रुटि: स्रोत बॉक्स मे कोनो पाठ नहि!,अनुवाद करै लेली स्रोत बॉक्स म॑ पाठ के जरूरत छै ताकि लक्ष्य बॉक्स म॑ पाठ क॑ मिलान करलऽ जाय सक॑ ।,त्रुटि: बहुत बेसी वर्ण,"पाठ केरऽ लंबाई जेकरऽ अनुवाद करलऽ जाय छै, वू 4500 केरऽ चरित्र सीमा स॑ अधिक छै ।",सूत्र,निशाना
Malagasy,mg,Safidio ny fiteny:,Safidio,Fitaovana fampitaha Wikipedia,Mampitaha,Safidio ny fitaovana fampitahana:,Safidio ny fitoviana fitoviana:,translate,Mazava,Teny isa:,Isan'ny fitoviana:,Hadisoana: tsy misy lahatsoratra ao anaty boaty loharanom-baovao!,"Mba handikana, ilaina ny lahatsoratra ao amin'ny boaty loharano mba hahafahan'ny lahatsoratra ao amin'ny boaty kendrena dia azo adika amin'ny lalao.",Hadisoana: olona maro be,Ny halavan'ny lahatsoratra izay tadiavinao handika dia mihoatra ny fetran'ny toetran'ny 4500.,Source,Kendrena
Malay,ms,Pilih Bahasa:,Pilih,Alat Perbandingan Artikel Wikipedia,Bandingkan,Pilih Alat Perbandingan:,Pilih Peratusan Persamaan:,Terjemahkan,Jelas,Kiraan perkataan:,Peratusan Persamaan:,Ralat: Tiada teks dalam kotak sumber!,"Untuk diterjemahkan, teks diperlukan dalam kotak sumber supaya teks dalam kotak sasaran dapat diterjemahkan untuk dipadankan.",Ralat: Terlalu banyak watak,Panjang teks yang anda cuba diterjemahkan melebihi had watak 4500.,Sumber,Sasaran
Malayalam,ml,ഭാഷ തിരഞ്ഞെടുക്കുക:,തെരഞ്ഞെടുക്കുക,വിക്കിപീഡിയ ലേഖനം താരതമ്യം,ഒത്തുനോക്കുക,താരതമ്യ ഉപകരണം തിരഞ്ഞെടുക്കുക:,സമാനത ശതമാനം തിരഞ്ഞെടുക്കുക:,വിവര്ത്തനം ചെയ്യുക,വക്തമായ,വാക്കുകളുടെ എണ്ണം:,സമാനത ശതമാനം:,പിശക്: ഉറവിട ബോക്സിൽ വാചകം ഇല്ല!,"വിവർത്തനം ചെയ്യുന്നതിന്, സോഴ്സ് ബോക്സിൽ വാചകം ആവശ്യമാണ്, അതുവഴി ടാർഗെറ്റ് ബോക്സിലെ വാചകം പൊരുത്തപ്പെടുന്നതിന് വിവർത്തനം ചെയ്യാൻ കഴിയും.",പിശക്: വളരെയധികം പ്രതീകങ്ങൾ,നിങ്ങൾ വിവർത്തനം ചെയ്യാൻ നിങ്ങൾ ശ്രമിക്കുന്ന വാചകത്തിന്റെ ദൈർഘ്യം 4500 ന്റെ പ്രതീക പരിധി കവിയുന്നു.,ഉല്ഭവസ്ഥാനം,ലക്ഷം
Maltese,mt,Agħżel Lingwa:,Agħżel,Għodda ta 'Tqabbil ta' l-Artikolu tal-Wikipedia,Qabbel,Agħżel Għodda ta 'Tqabbil:,Agħżel Perċentwal ta 'Xebh:,Tittraduċi,Ċar,Għadd tal-kliem:,Perċentwal ta 'xebh:,Żball: L-ebda test fil-kaxxa tas-sors!,"Sabiex tittraduċi, it-test huwa meħtieġ fil-kaxxa tas-sors sabiex it-test fil-kaxxa fil-mira jkun jista 'jiġi tradott biex jaqbel.",Żball: Wisq karattri,It-tul tat-test li qed tipprova tittraduċi jaqbeż il-limitu tal-karattru ta '4500.,Sors,Mira
Maori,mi,Tīpakohia te reo:,Whiriwhiri,Wikipedia Tuhinga Tuhinga o mua,Whakarite,Tīpakohia Tonoa taputapu:,Tīpakohia te ōrau ōritetanga:,Whakamāori,Purata,Kupu nama:,Te ōrau ōrite:,Hapa: Kaore he tuhinga i roto i te pouaka puna!,"Hei whakamaori, e hiahiatia ana te tuhinga ki te pouaka puna kia taea ai te whakamaoritanga o te tuhinga ki te pouaka whaainga.",Hapa: He maha rawa nga kiripuaki,Ko te roa o te tuhinga kei te ngana koe ki te whakamaori i te rohe o te 4500.,Mātāpuna,Pironga
Marathi,mr,भाषा निवडा:,निवडा,विकिपीडिया लेख तुलना साधन,तुलना करा,तुलना साधन निवडा:,समानता टक्केवारी निवडा:,भाषांतर,स्पष्ट,शब्द संख्या:,समानता टक्केवारी:,त्रुटी: स्त्रोत बॉक्समध्ये मजकूर नाही!,"भाषांतर करण्यासाठी, स्त्रोत बॉक्समध्ये मजकूर आवश्यक आहे जेणेकरून लक्ष्य बॉक्समधील मजकूर जुळण्यासाठी भाषांतरित केले जाऊ शकते.",त्रुटी: बर्‍याच वर्ण,आपण अनुवादित करण्याचा प्रयत्न करीत असलेल्या मजकूराची लांबी 4500 च्या वर्ण मर्यादेपेक्षा जास्त आहे.,स्त्रोत,लक्ष्य
Meiteilon (Manipuri),mni-Mtei,ꯂꯣꯜ ꯈꯅꯕꯥ:,ꯈꯟꯕ,ꯋꯤꯀꯤꯄꯤꯗꯤꯌꯥ ꯑꯥꯔꯇꯤꯀꯦꯜ ꯀꯝꯄꯥꯔꯁꯟ ꯇꯨꯜ,ꯆꯥꯡꯗꯝꯅꯕ,ꯆꯥꯡꯗꯝꯅꯕꯥ ꯇꯨꯜ ꯑꯃꯥ ꯈꯜꯂꯨ:,ꯃꯥꯟꯅꯕꯥ ꯆꯥꯡꯆꯠ ꯈꯅꯕꯤꯌꯨ:,ꯋꯥꯍꯟꯊꯣꯛ ꯍꯟꯕ,ꯑꯁꯦꯡꯕ,ꯋꯥꯍꯩ ꯀꯥꯎꯟꯇ ꯇꯧꯕꯥ:,ꯃꯥꯟꯅꯕꯥ ꯆꯥꯡ: ꯱.,ꯑꯁꯣꯌꯕꯥ: ꯁꯣꯔꯁ ꯕꯣꯛꯁꯇꯥ ꯇꯦꯛꯁ ꯑꯃꯠꯇꯥ ꯂꯩꯇꯦ!,"ꯍꯟꯗꯣꯛꯅꯕꯒꯤꯗꯃꯛ, ꯁꯣꯔꯁ ꯕꯣꯛꯁꯇꯥ ꯇꯦꯛꯁꯠ ꯃꯊꯧ ꯇꯥꯏ ꯃꯗꯨꯅꯥ ꯇꯥꯔꯒꯦꯠ ꯕꯣꯛꯁꯇꯥ ꯂꯩꯕꯥ ꯇꯦꯛꯁꯠ ꯑꯗꯨ ꯃꯥꯟꯅꯕꯥ ꯃꯑꯣꯡꯗꯥ ꯍꯟꯗꯣꯀꯄꯥ ꯌꯥꯒꯅꯤ꯫",ꯑꯁꯣꯌꯕꯥ: ꯆꯦꯛꯔꯦꯇꯔ ꯀꯌꯥ ꯌꯥꯝꯅꯥ .,ꯅꯍꯥꯛꯅꯥ ꯍꯟꯗꯣꯛꯅꯕꯥ ꯍꯣꯠꯅꯔꯤꯕꯥ ꯇꯦꯛꯁꯀꯤ ꯂꯝꯕꯤ ꯑꯁꯤꯅꯥ ꯴꯵꯰꯰ꯒꯤ ꯀꯦꯔꯦꯛꯇꯔ ꯂꯤꯃꯤꯠꯇꯒꯤ ꯍꯦꯜꯂꯤ꯫,ꯍꯣꯔꯛꯐꯝ,ꯄꯥꯟꯗꯝ
Mizo,lus,Ṭawng thlang rawh:,Thlang,Wikipedia Article tehkhin dan hmanrua .,Khaikhin,Comparison tool tih kha thlang la:,Similarity percentage thlang rawh:,Letling,Fiah,Thumal chhiar dan: .,Similarity percentage: 1.1.,Thil dik lo: Source box-a thuziak awm lo!,"Lehlin tur chuan source box-ah text a ngai a, chutiang chuan target box-a thuziak chu a inmil thei ang.",Error: character tam lutuk .,Lehlin i tum lai hian character limit 4500 aia tam a awm.,Bultanna,Tum bik
Mongolian,mn,Хэл сонгох:,Шилэх,Wikipedia-ийн нийтлэлийг харьцуулах хэрэгсэл,Харьцуулах,Харьцуулах хэрэгслийг сонгоно уу:,Үүнтэй төстэй хувийг сонгоно уу:,Орчуулах,Саруул,Үгийн тоо:,Үүнтэй төстэй хувь:,АЛДАА: Эхний хайрцагт текст байхгүй байна!,Орчуулахын тулд текстийг эх оронд нь оруулахын тулд SCHERCE-д хэрэгтэй бөгөөд зорилтот хайрцагт текстийг тааруулж болно.,Алдаа: хэт олон тэмдэгт,Таны орчуулахыг оролдож буй текстийн урт нь 4500-ийн тэмдэгтээс давсан байна.,Язгуур,Даалгавар
Myanmar (Burmese),my,ဘာသာစကားကိုရွေးချယ်ပါ။,ရေွးထား,Wikipedia article နှင့်နှိုင်းယှဉ်ခြင်းကိရိယာ,နိှုင်းယှသ်,နှိုင်းယှဉ်ကိရိယာကိုရွေးချယ်ပါ။,ဆင်တူရာခိုင်နှုန်းကိုရွေးချယ်ပါ။,ဘာသာပြန်,ရှင်းလင်းသော,စကားလုံးအရေအတွက် -,တူညီမှုရာခိုင်နှုန်း:,ချို့ယွင်းချက် - Source Box တွင်စာသားမရှိပါ။,ဘာသာပြန်ဆိုနိုင်ရန်အတွက် tempe box တွင်စာသားကိုကိုက်ညီရန်ဘာသာပြန်ဆိုနိုင်ရန်အတွက် source box တွင်စာသားလိုအပ်သည်။,ချို့ယွင်းချက် - ဇာတ်ကောင်များလွန်းသည်,သင်ဘာသာပြန်ရန်ကြိုးစားနေသည့်စာသားအရှည်သည် 4500 ၏ဇာတ်ကောင်ကန့်သတ်ချက်ထက်ကျော်လွန်သည်။,အရင်းအမြစ်,စက်ကွင်း
Nepali,ne,भाषा छनोट गर्नुस:,चुन्नु,विकिपीडिया लेख तुलना उपकरण,तुलना गर्नु,तुलना उपकरण चयन गर्नुहोस्:,समानता प्रतिशत चयन गर्नुहोस्:,अनुवाद गर्नु,स्पष्ट,शब्द गणना:,समानता प्रतिशत:,त्रुटि: स्रोत बक्समा कुनै पाठ छैन!,अनुवाद गर्नको लागि पाठको पाठ्यक्रमको आवश्यक छ ताकि लक्ष्य बक्समा पाठ म्याचलाई मिलान गर्न सकिन्छ।,त्रुटि: धेरै वर्णहरू,पाठको लम्बाई तपाईले अनुवाद गर्न कोशिस गर्दै हुनुहुन्छ .0000 को चरित्र सीमा भन्दा बढी छ।,मुहान,लक्य
Norwegian,no,Velg språk:,Plukke ut,Wikipedia -artikkel Sammenligningsverktøy,Sammenligne,Velg sammenligningsverktøy:,Velg likhetsprosent:,Oversette,Klar,Ordtelling:,Likhetsprosent:,Feil: Ingen tekst i kildeboksen!,For å oversette er det nødvendig med tekst i kildeboksen slik at teksten i målboksen kan oversettes for å matche.,Feil: for mange tegn,Tekstens lengde du prøver å oversette overstiger karaktergrensen på 4500.,Kilde,Mål
Odia (Oriya),or,ଭାଷା ଚୟନ କରନ୍ତୁ:,ଚୟନ କରନ୍ତୁ |,ଉଇକିପିଡ଼ିଆ ପ୍ରବନ୍ଧ ତୁଳନା ଉପକରଣ |,ତୁଳନା କର,ତୁଳନାତ୍ମକ ଉପକରଣ ଚୟନ କରନ୍ତୁ:,ସମାନତା ଶତକଡା ଚୟନ କରନ୍ତୁ:,ଅନୁବାଦ କର,ସଫା,ଶବ୍ଦ ଗଣନା:,ସମାନତା ଶତକଡା:,ତ୍ରୁଟି: ଉତ୍ସ ବାକ୍ସରେ କ text ଣସି ପାଠ ନାହିଁ!,"ଅନୁବାଦ କରିବାକୁ, ଉତ୍ସକୁ ଉତ୍ସ ବାକ୍ସରେ ଆବଶ୍ୟକ ଯାହା ଦ୍ tard ାରା ଟାର୍ଗେଟ୍ ବକ୍ସରେ ଥିବା ଟେକ୍ସଟ୍ ମ୍ୟାଚ୍ ସହିତ ଅନୁବାଦ କରାଯାଇପାରେ |",ତ୍ରୁଟି: ବହୁତ ଅକ୍ଷର |,ଆପଣ ଅନୁବାଦ କରିବାକୁ ଚେଷ୍ଟା କରୁଥିବା ପାଠ୍ୟର ଲମ୍ବ 4500 ର ଅକ୍ଷର ସୀମା ଅତିକ୍ରମ କରେ |,ଉତ୍ସ,ଲକ୍ଷ୍ୟ
Oromo,om,Afaan filadhu:,Filuu,Meeshaa Walbira Qabsiisuu Barruu Wiikiipiidiyaa .,Wal bira qabuu,Meeshaa wal bira qabuu filadhu:,Walfakkeenya dhibbeentaa filadhu:,Hiikuu,Ifaa,Lakkoofsa jechootaa:,Walfakkeenya dhibbeentaa:,Dogoggora: Sanduuqa madda keessaa barruu hin qabu!,"Hiikuuf, barreeffamni sanduuqa galmee keessa jiru akka walsimsiisutti akka hiikamuu danda'uuf, sanduuqa madda keessatti barreeffamni barbaachisaadha.",Dogoggora: Arfiilee baay'ee .,Dheerinni barreeffama ati hiikuuf yaaltu daangaa arfii 4500 caala.,Madda,Xiyyeeffaanoo
Pashto,ps,ژبه غوره کړئ:,وټاکئ,د ويکيپېډيا,پرتله کول,د پرتله کولو په وسیله غوره کړئ:,د وينې سلنه وټاکئ:,ژباړه,روښانه,د لفټ شمیرنه:,د ورته والي سلنه:,تېروتنه: په سرچینه بکس کې هیڅ متن نشته!,د ژباړې لپاره، د سرچینې بکس کې متن ته اړتیا ده نو د هدف بکس کې متن د میچ لپاره ژباړل کیدی شي.,تیروتنه: ډیری کرکټرونه,د متن اوږدوالی چې تاسو یې هڅه کوئ د ژباړې محدودیت د 4500 کرکټر حد څخه لوړ کړئ.,سرچینه,هدف
Persian,fa,زبان را انتخاب کنید:,انتخاب کنید,ابزار مقایسه مقاله ویکی پدیا,مقایسه کردن,ابزار مقایسه را انتخاب کنید:,درصد شباهت را انتخاب کنید:,ترجمه کردن,پاک کردن,تعداد کلمه:,درصد شباهت:,خطا: بدون متن در جعبه منبع!,به منظور ترجمه ، متن در جعبه منبع مورد نیاز است تا متن موجود در جعبه هدف برای مطابقت با آن ترجمه شود.,خطا: شخصیت های زیادی,طول متنی که می خواهید ترجمه کنید بیش از حد شخصیت 4500 است.,منبع,هدف
Polish,pl,Wybierz język:,Wybierać,Narzędzie do porównywania artykułów w Wikipedii,Porównywać,Wybierz narzędzie porównawcze:,Wybierz procent podobieństwa:,Tłumaczyć,Jasne,Liczba słów:,Procent podobieństwa:,Błąd: brak tekstu w polu źródłowym!,"Aby przetłumaczyć, w polu źródłowym potrzebny jest tekst, aby tekst w polu docelowym można było przetłumaczyć do dopasowania.",Błąd: zbyt wiele znaków,"Długość tekstu, którą próbujesz przetłumaczyć, przekracza limit znaków 4500.",Źródło,Cel
Portuguese,pt,Selecione o idioma:,Selecione,Ferramenta de comparação de artigos da Wikipedia,Comparar,Selecione a ferramenta de comparação:,Selecione porcentagem de similaridade:,Traduzir,Clara(feminine),Contagem de palavras:,Porcentagem de similaridade:,Erro: nenhum texto na caixa de origem!,"Para se traduzir, é necessário o texto na caixa de origem para que o texto na caixa de destino possa ser traduzido para corresponder.",Erro: muitos caracteres,O comprimento do texto que você está tentando traduzir excede o limite do caractere de 4500.,Fonte,Alvo
Punjabi,pa,ਭਾਸ਼ਾ ਚੁਣੋ:,ਚੁਣੋ,ਵਿਕੀਪੀਡੀਆ ਆਰਟੀਕਲਿਟੀ ਟੂਲਸ ਤੁਲਨਾ ਟੂਲ,ਤੁਲਨਾ ਕਰੋ,ਤੁਲਨਾ ਟੂਲ ਚੁਣੋ:,ਸਮਾਨਤਾ ਪ੍ਰਤੀਸ਼ਤ ਦੀ ਚੋਣ ਕਰੋ:,ਅਨੁਵਾਦ,ਸਾਫ,ਸ਼ਬਦ ਗਿਣਤੀ:,ਸਮਾਨਤਾ ਪ੍ਰਤੀਸ਼ਤ:,ਗਲਤੀ: ਸਰੋਤ ਬਾਕਸ ਵਿੱਚ ਕੋਈ ਟੈਕਸਟ ਨਹੀਂ!,ਅਨੁਵਾਦ ਬਾਕਸ ਵਿੱਚ ਟੈਕਸਟ ਦੀ ਜਰੂਰਤ ਹੈ ਤਾਂ ਜੋ ਟੀਚੇ ਦੇ ਬਕਸੇ ਵਿੱਚ ਟੈਕਸਟ ਦਾ ਅਨੁਵਾਦ ਕਰਨ ਲਈ ਅਨੁਵਾਦ ਕੀਤਾ ਜਾ ਸਕੇ.,ਗਲਤੀ: ਬਹੁਤ ਸਾਰੇ ਅੱਖਰ,ਤੁਹਾਡੇ ਦੁਆਰਾ ਅਨੁਵਾਦ ਕਰਨ ਦੀ ਕੋਸ਼ਿਸ਼ ਕਰ ਰਹੇ ਪਾਠ ਦੀ ਲੰਬਾਈ 4500 ਦੀ ਕਿਰਦਾਰ ਸੀਮਾ ਤੋਂ ਵੱਧ ਗਈ ਹੈ.,ਸਰੋਤ,ਟੀਚਾ
Quechua,qu,Simi akllay:,Akllay,Wikipidiyamanta qillqasqa tupachiy yanapakuy .,Tupachiy,Tupanachiy yanapakuyta akllay:,rikch'akuy pachakmanta akllay:,Tikray,Pichay,Palabra yupay: .,rikch'akuy pachakmanta:,Pantasqa: ¡Mana qillqasqachu kanku pukyuta cajapi!,"Tikranapaqqa, qillqana maytupi qillqatam necesitakun, chaynapi chay cuadro de blanco nisqapi qillqasqata tupachinankupaq tikranankupaq.",Pantasqa: ancha achka qillqakuna .,T'ikrayta munasqayki qillqap suni kayninqa 4500 nisqap qillqap limite nisqamanta aswan hatunmi.,Qallariy,Chayana
Romanian,ro,Selecteaza limba:,Selectați,Instrument de comparare a articolului Wikipedia,Comparaţie,Selectați instrument de comparație:,Selectați procentul de similaritate:,Traduceți,clar,Număr de cuvinte:,Procent de similaritate:,Eroare: Fără text în caseta sursă!,"Pentru a traduce, textul este necesar în caseta sursă, astfel încât textul din caseta țintă să poată fi tradus pentru a se potrivi.",Eroare: Prea multe personaje,Lungimea textului pe care încercați să o traduceți depășește limita de caracter de 4500.,Sursă,Ţintă
Russian,ru,Выберите язык:,Выбирать,Инструмент сравнения статей в Википедии,Сравнивать,Выберите инструмент сравнения:,Выберите процент сходства:,Переводить,Прозрачный,Количество слов:,Процент сходства:,Ошибка: нет текста в исходном поле!,"Чтобы перевести, в исходном поле необходим текст, чтобы текст в целевом поле можно было перевести в соответствие.",Ошибка: слишком много символов,"Длина текста, который вы пытаетесь перевести, превышает предел символа 4500.",Источник,Цель
Samoan,sm,Filifili gagana:,Filifili,Wikipedia mataupu faatusatusaga meafaigaluega,Faatusatusa,Filifili faatusatusaga meafaigaluega:,Filifili le tutusa pasene:,Faaliliu,Kilia,Faitau le upu:,Sili atu le pasene:,Sese: Leai ni tusitusiga i le Pub Wart Box!,"Ina ia mafai ona faʻaliliu, e manaʻomia tusitusiga i totonu o le punavai pusa ina ia mafai ai ona faʻaliliu le tusitusiga i totonu o le pusa.",Sese: E tele naua uiga,O le umi o tusitusiga o loʻo e taumafai e faʻaliliu e sili atu le amio faʻatapulaʻa o le 4500.,Punavai,Sini
Sanskrit,sa,भाषां चिनोतु:,विचि,विकिपीडिया लेख तुलना उपकरण,तूल,तुलनासाधनं चिनोतु:,सादृश्य प्रतिशत का चयन करें:,अनुवदति,स्पष्टः,शब्दगणना : १.,सादृश्य प्रतिशत: 1 .,त्रुटि: स्रोतपेटिकायां कोऽपि पाठः नास्ति!,अनुवादार्थं स्रोतपेटिकायां पाठस्य आवश्यकता भवति येन लक्ष्यपेटिकायां पाठः मेलयितुम् अनुवादितुं शक्यते ।,त्रुटि: अत्यधिक वर्ण 1 .,भवता अनुवादयितुं प्रयतमानानां पाठस्य दीर्घता 4500 वर्णसीमाम् अतिक्रमयति ।,स्रोतः,लक्ष्य
Scots Gaelic,gd,Tagh Cànan:,Tagh,Inneal coimeas artaigil Wikipedia,Dèan coimeas,Tagh Inneal coimeas:,Tagh ceudad coltach ri chèile:,Eadar-theangachadh,Soilleir,Cunntas fhaclan:,Ceumannan aonim:,Mearachd: Gun teacsa ann am bogsa stòr!,"Gus eadar-theangachadh, tha feum air teacsa sa bhogsa stòr gus an urrainnear an teacsa sa bhogsa targaid eadar-theangachadh gu maids.",Mearachd: cus charactaran,Tha fad an teacsa a tha thu a 'feuchainn ri eadar-theangachadh a' dol thairis air a 'chrìoch caractar de 4500.,Stòr,Targaid
Sepedi,nso,Kgetha Polelo: .,Kgetha,Sedirišwa sa go bapetša sehlogo sa Wikipedia .,Bapetša,Kgetha sedirišwa sa go bapetša:,Kgetha Peresente ya go swana:,Fetolela,Tloša,Palo ya Mantšu: .,Peresente ya go swana: .,Phošo: Ga go na sengwalwa ka lepokising la mothopo!,"Gore go fetolwe, sengwalwa se a nyakega ka lepokising la mothopo gore sengwalwa ka lepokising la nepišo se kgone go fetolelwa go swana.",Phošo: Baanegwa ba bantši kudu .,Bolelele bja sengwalwa seo o lekago go se fetolela bo feta moedi wa semelo wa 4500.,Mothopo,Tebanyo
Serbian,sr,Изаберите језик:,Одабрати,Алат за поређење чланака Википедије,Упоредити,Изаберите Алат за поређење:,Изаберите проценат сличности:,превести,Јасно,Број речи:,Проценат сличности:,Грешка: Нема текста у изворном пољу!,"Да би се преводио, потребан је текст у изворном оквиру тако да се текст у циљаној кутији може превести на подударање.",Грешка: Превише ликова,Дужина текста који покушавате да преведете прелази ограничење знака од 4500.,Извор,Мета
Sesotho,st,Khetha Puo:,Khetha,WIKEDIA SIRELEG,Bapisa,KHETHA MOTLATSI,Romella liperesente tse tšoanang:,Translate,Hlakisa,Palo ea mantsoe:,Liperesente tse tšoanang:,Phoso: Ha ho na mongolo lebokoseng la mohloli!,"Bakeng sa ho fetolela, mongolo oa hlokahala ka lebokoseng la mohloli e le hore temana e lebokoseng la sepheo e ka fetoleloa ho tsamaisana.",Phoso: Litlhaku tse ngata haholo,Bolelele ba sengoloa boo u lekang ho fetolela ho feta moeli oa sebapali sa 4500.,Mohloli,Sepheo
Shona,sn,Sarudza Mutauro:,Sarudza,Wikipedia Chinyorwa Mukuenzanisa Tool,Enzanisa,Sarudza Ongorora Chishandiso:,Sarudza kufanana muzana.,Dudziro,Bvisa,Izwi Kuverenga:,Kufanana kwePeresenti:,Kukanganisa: Hakuna mavara muRource Bhokisi!,"Kuti tidudzire, zvinyorwa zvinodiwa muBhokisi Rinobva kuitira kuti zvinyorwa mubhokisi redare zvinogona kushandurwa kuti chienderane.",Kukanganisa: Akawandisa mavara,Kureba kwemavara iwe urikuedza kududzira kunodarika hunhu hwe4500.,Kunobva,Chinangwa
Sindhi,sd,ٻولي چونڊيو:,SU اڻ,وڪيپيڊيا مضمون جو مقابلو اوزار,مقابلو ڪرڻ,منتخب ڪريو موازنہ اوزار:,هڪجهڙائي جو سيڪڙو چونڊيو:,ترجمو,صاف طاقت,لفظ ڳڻپ:,مماثلت جو سيڪڙو:,نقص: ذريعو باڪس ۾ ڪوبه متن!,ترجمو ڪرڻ لاء متن جي دٻي ۾ متن جي ضرورت آهي ته جيئن ته ٽارگيٽ باڪس ۾ متن ترجمو ڪري سگهجي ٿو.,نقص: تمام گھڻا ڪردار,متن جي ڊيگهه توهان ترجمو ڪرڻ جي ڪوشش ڪري رهيا آهيو 4500 جي ڪردار جي حد کان وڌي ٿو.,ذريعو,نشاني ڪر
Sinhala,si,භාෂාව තෝරන්න:,තෝරන්න,විකිපීඩියා ලිපි සංසන්දනාත්මක මෙවලම,සසඳන්න,සංසන්දනාත්මක මෙවලම තෝරන්න:,සමානතා ප්රතිශතය තෝරන්න:,පරිවර්තනය,පැහැදිලිව,වචන ගණන:,සමානතා ප්රතිශතය:,දෝෂය: ප්රභව කොටුවේ පෙළක් නැත!,"පරිවර්තනය කිරීම සඳහා, මූලාශ්ර කොටුවේ පෙළ අවශ්ය වේ, එවිට ඉලක්ක කොටුවේ ඇති පෙළ ගැලපීම සඳහා පරිවර්තනය කළ හැකිය.",දෝෂය: අක්ෂර ඕනෑවට වඩා,ඔබ පරිවර්තනය කිරීමට උත්සාහ කරන පෙළෙහි දිග 4500 ඉක්මවයි.,මූලාශ්රය,ඉලක්කය
Slovak,sk,Zvoľ jazyk:,Vybraný,Porovnanie článku Wikipedia,Porovnať,Vyberte porovnávací nástroj:,Vyberte percento podobnosti:,Preložiť,jasný,Počet slov:,Percento podobnosti:,Chyba: Žiadny text v zdrojovom políčku!,"Na preklad je v zdrojovom políčku potrebný text, takže text v cieľovom políčku je možné preložiť tak, aby sa zhodoval.",Chyba: Príliš veľa znakov,"Dĺžka textu, ktorý sa snažíte preložiť, prekračuje limit znakov 4500.",Zdroj,Cieľ
Slovenian,sl,Izberi jezik:,Izberite,Orodje za primerjavo članka Wikipedije,Primerjaj,Izberite Primerjalno orodje:,Izberite Odstotek podobnosti:,Prevesti,Jasno,Število besed:,Odstotek podobnosti:,Napaka: Brez besedila v izvornem polju!,"Za prevajanje je v izvornem polju potrebno besedilo, tako da se besedilo v ciljnem polju lahko prevede na ujemanje.",Napaka: preveč znakov,"Dolžina besedila, ki ga poskušate prevesti, presega mejo znakov 4500.",Vir,Cilj
Somali,so,Xulo Luqadda:,Doorasho,Qalabka isbarbardhiga Wikipedia,Is barbar dhigid,Xulo Qalabka Isbarbardhiga:,Xulo boqolkiiba cunitaanka:,Tarjumid,Waadixin ah,Ereyga tirinta:,Boqolkiiba culayska:,Cilad: Qoraal ma leh sanduuqa isha!,"Si loo tarjunto, qoraalka ayaa looga baahan yahay sanduuqa isha si qoraalka sanduuqa bartilmaameedka loo tarjumi karo si loogu dhigo.",Cilad: Xarfaha aad u badan,Dhererka qoraalka ee aad iskudayeyso inaad turjunto ayaa ka sarreysa xadka dabeecadda ee 4500.,Asal,Bar shiish
Spanish,es,Seleccione el idioma:,Seleccionar,Herramienta de comparación de artículos de Wikipedia,Comparar,Seleccione la herramienta de comparación:,Seleccionar porcentaje de similitud:,Traducir,Clara(feminine),El recuento de palabras:,Porcentaje de similitud:,Error: ¡No hay texto en el cuadro fuente!,"Para traducirse, se necesita texto en el cuadro de origen para que el texto en el cuadro de destino pueda traducirse para que coincida.",Error: demasiados caracteres,La longitud del texto que está tratando de traducir excede el límite de caracteres de 4500.,Fuente,Objetivo
Sundanese,su,Pilih Basa:,Milih,ArikipedaSedia ngabandingkeun alat,Ngabandingkeun,Pilih Alat Bandingkeun:,Pilih persentase kasar:,Narjamahkeun,Jelas,Countes kecap:,Persentase kamiripan:,Lepat: Henteu aya téks dina kotak sumber!,"Supados narjamahkeun, téks diperyogikeun dina kotak sumber supados téks dina kotak udagan tiasa ditarjamahkeun kanggo cocog.",Lepat: seueur teuing karakter,Panjang téks anu anjeun nyobian narjamahkeun ngaleuwihan wates karakter 4500.,Sumber,Tujuan
Swahili,sw,Chagua lugha:,Chagua,Chombo cha kulinganisha cha Wikipedia,Linganisha,Chagua Chombo cha Kulinganisha:,Chagua asilimia ya kufanana:,Tafsiri,Wazi,Hesabu ya Neno:,Asilimia ya kufanana:,Kosa: Hakuna maandishi kwenye sanduku la chanzo!,"Ili kutafsiri, maandishi yanahitajika kwenye sanduku la chanzo ili maandishi kwenye sanduku la lengo liweze kutafsiriwa ili kufanana.",Kosa: Wahusika wengi sana,Urefu wa maandishi unayojaribu kutafsiri inazidi kikomo cha tabia ya 4500.,Chanzo,Lengo
Swedish,sv,Välj språk:,Välj,Wikipedia artikeljämförelseverktyg,Jämföra,Välj jämförelseverktyg:,Välj likhetsprocent:,Översätt,Klar,Antal ord:,Likhetsprocent:,Fel: Ingen text i källrutan!,För att översätta behövs text i källrutan så att texten i målrutan kan översättas till matchning.,Fel: För många tecken,Längden på text du försöker översätta överskrider karaktärsgränsen på 4500.,Källa,Mål
Tajik,tg,Интихоб кунед Забон:,Интихоб кардан,Википедиа Википедиа,Мущоиса кардан,Воситаи муқоисаро интихоб кунед:,Фоизи шабеҳро интихоб кунед:,Тарҷума кардан,Равшан,Ҷузъи калима:,Фоизи шабеҳ:,Хато: матн дар қуттии манбаъ!,"Барои тарҷумаи тарҷума, матн дар қуттии манбаъ лозим аст, то матн дар қуттии ҳадаф метавонад ба мувофиқа расад.",Хато: Аломатҳои зиёд,Дарозии матн Шумо кӯшиши тарҷумаи шумо аз маҳдудияти аломати 4500 зиёд аст.,Сарчашма,Мащсад
Tamil,ta,மொழியை தேர்ந்தெடுங்கள்:,தேர்ந்தெடுக்கவும்,விக்கிபீடியா கட்டுரை ஒப்பீட்டு கருவி,ஒப்பிடுக,ஒப்பீட்டு கருவியைத் தேர்ந்தெடுக்கவும்:,ஒற்றுமை சதவீதத்தைத் தேர்ந்தெடுக்கவும்:,மொழிபெயர்,தெளிவான,சொல் எண்ணிக்கை:,ஒற்றுமை சதவீதம்:,பிழை: மூல பெட்டியில் உரை இல்லை!,"மொழிபெயர்க்க, மூல பெட்டியில் உரை தேவைப்படுகிறது, இதனால் இலக்கு பெட்டியில் உள்ள உரையை பொருத்தமாக மொழிபெயர்க்கலாம்.",பிழை: பல எழுத்துக்கள்,நீங்கள் மொழிபெயர்க்க முயற்சிக்கும் உரையின் நீளம் 4500 இன் எழுத்து வரம்பை மீறுகிறது.,ஆதாரம்,இலக்கு
Tatar,tt,Телне сайлагыз:,Сайлагыз,Википедия мәкаләсе Чагыштыру коралы,Чагыштырыгыз,Чагыштыру коралын сайлагыз:,Охшашлык процентын сайлагыз:,Тәрҗемә итү,Чиста,Сүз саны:,Охшашлык проценты:,Хата: чыганак тартмасына текст юк!,"Тәрҗемә итү өчен, чыганак тартмада текст кирәк, шуңа күрә максатлы тартмадагы текст матчы өчен тәрҗемә ителергә мөмкин.",Хата: бик күп персонажлар,Тәрҗемә итәргә тырышкан текстның озынлыгы 4500 символ лимитыннан артып китә.,Чыганак,Максат
Telugu,te,భాషను ఎంచుకోండి:,ఎంచుకోండి,వికీపీడియా ఆర్టికల్ పోలిక సాధనం,సరిపోల్చండి,పోలిక సాధనాన్ని ఎంచుకోండి:,సారూప్యత శాతాన్ని ఎంచుకోండి:,అనువాదం,క్లియర్,పదాల లెక్క:,సారూప్యత శాతం:,లోపం: సోర్స్ బాక్స్‌లో టెక్స్ట్ లేదు!,"అనువదించడానికి, సోర్స్ బాక్స్‌లో టెక్స్ట్ అవసరం, తద్వారా టార్గెట్ బాక్స్‌లోని వచనాన్ని సరిపోల్చడానికి అనువదించవచ్చు.",లోపం: చాలా అక్షరాలు,మీరు అనువదించడానికి ప్రయత్నిస్తున్న వచనం యొక్క పొడవు 4500 అక్షర పరిమితిని మించిపోయింది.,మూలం,లక్ష్యం
Thai,th,เลือกภาษา:,เลือก,เครื่องมือเปรียบเทียบบทความ Wikipedia,เปรียบเทียบ,เลือกเครื่องมือเปรียบเทียบ:,เลือกเปอร์เซ็นต์ความคล้ายคลึงกัน:,แปลภาษา,ชัดเจน,การนับจำนวนคำ:,เปอร์เซ็นต์ความคล้ายคลึงกัน:,ข้อผิดพลาด: ไม่มีข้อความในกล่องต้นทาง!,ในการแปลจำเป็นต้องมีข้อความในกล่องต้นทางเพื่อให้ข้อความในกล่องเป้าหมายสามารถแปลให้ตรงกัน,ข้อผิดพลาด: อักขระมากเกินไป,"ความยาวของข้อความที่คุณพยายามแปลเกินขีด จำกัด ของตัวละคร 4,500",แหล่งที่มา,เป้า
Tigrinya,ti,ቋንቋ ምረጽ፤,ምረፅ,ዊኪፒዲያ ጽሑፍ ምውድዳር መሳርሒ,ኣወዳደረ,መነጻጸሪ መሳርሒ ምረጽ፤,ናይ ተመሳሳልነት ሚእታዊት ምረጽ፤,ምትርጓም,ንፁር,ቁጽሪ ቃላት:,ናይ ተመሳሳልነት ሚእታዊት፤,ጌጋ: ኣብ ምንጪ ሳጹን ጽሑፍ የለን!,ንምትርጓም፡ ኣብቲ ናይ ዕላማ ሳጹን ዘሎ ጽሑፍ ክሳብ ዝሰማማዕ ክትርጎም ምእንቲ፡ ኣብቲ ምንጪ ሳጹን ጽሑፍ የድሊ።,ጌጋ፡ ብዙሓት ፊደላት ኣዝዮም ብዙሓት,ክትትርጉሞ እትፍትን ዘለኻ ንውሓት ጽሑፍ ካብቲ ናይ 4500 ናይ ገጸ ባህሪ ደረት ንላዕሊ እዩ።,ፍልፍል,ዒላማ
Tsonga,ts,Hlawula ririmi:,Hlawula,Xitirhisiwa xo pimanisa swihloko swa Wikipedia .,Fananisa,Hlawula Xitirhisiwa xo pimanisa:,Hlawula phesente ya ku fana:,Hundzuluxa,Rivaleni,Nhlayo ya marito:,Tiphesente ta ku fana:,Xihoxo: A ku na tsalwa eka bokisi ra xihlovo!,"Leswaku ku hundzuluxiwa, tsalwa ra laveka eka bokisi ra xihlovo leswaku tsalwa leri nga eka bokisi leri kongomisiweke ri ta hundzuluxiwa leswaku ri fambisana.",Xihoxo: Swihlawulekisi swo tala ngopfu .,Ku leha ka tsalwa leri u ringetaka ku ri hundzuluxela ku tlula mpimo wa swimunhuhatwa wa 4500.,Xihlovo,Xikongomelo
Turkish,tr,Dil Seçin:,Seçme,Wikipedia makale karşılaştırma aracı,Karşılaştırmak,Karşılaştırma aracını seçin:,Benzerlik yüzdesini seçin:,Çevirmek,Temizlemek,Sözcük sayısı:,Benzerlik yüzdesi:,Hata: Kaynak kutusunda metin yok!,"Tercüme etmek için, hedef kutudaki metin eşleşecek şekilde çevrilebilmesi için kaynak kutusunda metin gereklidir.",Hata: Çok fazla karakter,Çevirmeye çalıştığınız metnin uzunluğu 4500 karakter sınırını aşar.,Kaynak,Hedef
Turkmen,tk,Dil saýlaň:,Saýlaň,Wikipediýa makalaty gurallary,Deňeşdiriň,Deňeşdiriş guralyny saýlaň:,Meňzeşlik göterimi saýlaň:,Terjime et,Düşnükli,Söz san,Meňzeşlik göterimi:,Roralňyşlyk: Çeşme gutusynda tekst ýok!,"Terjime etmek üçin, maksat gutusynyň gabat gelýän tekst gutusynda tekst gutusynda tekst girizilýär.",Roralňyşlyk: gaty köp nyşan,Terjime etjek bolýan tekstiň uzynlygy 4500-den ýokarydyr.,Çeşme,Nyşana
Twi,ak,Paw kasa:,Yi ho,Wikipedia asɛm no ho ntotoho adwinnade .,Fa toto ho,Paw Ntotoho Adwinnade:,Paw nsɛso ɔha biara mu nkyem 100:,Kyerɛ aseɛ,Wann,Asɛmfua dodow:,Nsɛsoɔ ɔha biara mu nkyekyɛmu:,Mfomso: Nsɛm biara nni source box mu!,"Sɛnea ɛbɛyɛ a wɔbɛkyerɛ ase no, nsɛm ho hia wɔ source box no mu sɛnea ɛbɛyɛ a wobetumi akyerɛ nsɛm a ɛwɔ target box no mu ase ma ɛne no ahyia.",Mfomso: Nkyerɛwde pii dodo .,Nkyerɛwee no tenten a worebɔ mmɔden sɛ wobɛkyerɛ ase no boro nkyerɛwde anohyeto a ɛyɛ 4500 no so.,Farebae,Deɛ ani si so
Ukrainian,uk,Оберіть мову:,Обраний,Інструмент порівняння статті Вікіпедії,Порівнювати,Виберіть інструмент порівняння:,Виберіть відсоток подібності:,Перекладати,Чіткий,Підрахунок слів:,Відсоток подібності:,Помилка: Немає тексту у вікні джерела!,"Для перекладу потрібен текст у вікні джерела, щоб текст у цільовому полі могло бути перекладено на відповідність.",Помилка: Занадто багато символів,"Довжина тексту, який ви намагаєтесь перекласти, перевищує межу символу 4500.",Джерело,Цільовий
Urdu,ur,زبان منتخب کریں:,منتخب کریں,ویکیپیڈیا آرٹیکل موازنہ کا آلہ,موازنہ کریں,موازنہ کے آلے کو منتخب کریں:,مماثلت کا فیصد منتخب کریں:,ترجمہ کریں,صاف,الفاظ کی گنتی:,مماثلت فیصد:,خرابی: ماخذ باکس میں کوئی متن نہیں!,ترجمہ کرنے کے لئے ، ماخذ باکس میں متن کی ضرورت ہے تاکہ ٹارگٹ باکس میں موجود متن کو میچ کرنے کے لئے ترجمہ کیا جاسکے۔,غلطی: بہت سارے کردار,متن کی لمبائی جس کی آپ ترجمہ کرنے کی کوشش کر رہے ہیں وہ 4500 کے کردار کی حد سے تجاوز کرتا ہے۔,ذریعہ,ہدف
Uyghur,ug,تىل تاللاڭ:,تاللاڭ,ۋىكىپېدىيە ماقالىسى سېلىشتۇرما قورال,سېلىشتۇرۇش,سېلىشتۇرۇش قورالىنى تاللاڭ:,ئوخشاشلىق نىسبىتىنى تاللاڭ:,تەرجىمە,ئېنىق,سۆز سانى:,ئوخشاشلىق نىسبىتى:,خاتالىق: مەنبە ساندۇقتا تېكىست يوق!,"تەرجىمە قىلىش ئۈچۈن, ساندۇقتا تېكىستنىڭ لازىملىقى ئۈچۈن, نىشان رامكىسىدىكى تېكىست ماس ھالدا تەرجىمە قىلىشقا بولىدۇ.",خاتالىق: بەك كۆپ ھەرپ,سىز تەرجىمە قىلماقچى بولغان تېكىستنىڭ ئۇزۇنلۇقى 4500 دىن ئېشىپ كەتتى.,مەنبە,نىشان
Uzbek,uz,Tilni tanlang:,Tanlamoq,Vikipediya moddasi,Solishtirmoq,Taqoratlarni tanlang:,Shunga o'xshash foizni tanlang:,Tarjima qilmoq,Aniq,So'zlar soni:,O'xshashlik foizi:,Xato: manba qutisida matn yo'q!,"Tarjima qilish uchun, matn qutisiga mos keladigan matnni moslashtirish uchun tarjima qilinishi mumkin.",Xato: juda ko'p belgilar,Siz 4500 belgi chegarasidan oshib ketmoqchi bo'lgan matnning uzunligi.,Manba,Maqsad
Vietnamese,vi,Chọn ngôn ngữ:,Lựa chọn,Công cụ so sánh bài viết Wikipedia,So sánh,Chọn Công cụ so sánh:,Chọn Tỷ lệ phần trăm tương tự:,Dịch,Thông thoáng,Số từ:,Tỷ lệ tương tự:,Lỗi: Không có văn bản trong hộp nguồn!,"Để dịch, văn bản là cần thiết trong hộp nguồn để văn bản trong hộp đích có thể được dịch để khớp.",Lỗi: Quá nhiều ký tự,Độ dài của văn bản bạn đang cố gắng dịch vượt quá giới hạn ký tự là 4500.,Nguồn,Mục tiêu
Welsh,cy,Dewiswch Iaith:,Ddetholem,Offeryn Cymharu Erthygl Wikipedia,Chymharer,Dewiswch Offeryn Cymharu:,Dewiswch Ganran Tebygrwydd:,Gyfieithith,Gliria ’,Cyfrif geiriau:,Canran Tebygrwydd:,Gwall: Dim testun yn y blwch ffynhonnell!,"Er mwyn cyfieithu, mae angen testun yn y blwch ffynhonnell fel y gellir cyfieithu'r testun yn y blwch targed i gyd -fynd.",Gwall: gormod o gymeriadau,Mae hyd y testun rydych chi'n ceisio ei gyfieithu yn fwy na'r terfyn cymeriad o 4500.,Ffynhonnell,Targedon
Xhosa,xh,Khetha Ulwimi:,Khetha,Isixhobo se-Wikipedia,Thelekisa,Khetha isixhobo sokuthelekisa:,Khetha ipesenti efanayo:,Guqula,Cacisa,Ibala lamagama:,Ipesenti efanayo:,Impazamo: Akukho sicatshulwa kwibhokisi yomthombo!,"Ukuguqulela, itekisi iyafuneka kwibhokisi yemithombo ukuze itekisi kwibhokisi ekujoliswe kuyo inokuguqulelwa kumdlalo.",Impazamo: Abalinganiswa abaninzi kakhulu,Ubude bombhalo ozama ukuguqulela ugqitha umda wama-4500.,Umthombo,Ithagethi
Yiddish,yi,סעלעקטירן שפּראַך:,ויסקלייַבן,די געצייַג פון Wikipeaipa Media,גלייַכן,סעלעקט פאַרגלייַך געצייַג:,סעלעקטירן ענלעכקייט פּראָצענט:,יבערזעצן,קלאָר,וואָרט גראף:,ענלעכקייט פּראָצענט:,גרייַז: קיין טעקסט אין מקור קעסטל!,"כּדי צו איבערזעצן, טעקסט איז דארף אין די מקור קעסטל אַזוי אַז די טעקסט אין די ציל קעסטל קענען זיין איבערגעזעצט צו גלייַכן.",טעות: צו פילע אותיות,די לענג פון טעקסט איר פּרוּווט צו איבערזעצן יקסיד די כאַראַקטער לימיט 40000.,מאָקער,ציל
Yoruba,yo,Yan Ede:,Yan,AKIYESI AKỌRỌ,Fiwera,Yan Ipolowo Lafiwe:,Yan iwọn kanna ti:,Tumọ,Ko kuro,AKIYESI:,Tijọpọ kanna:,Aṣiṣe: Ko si ọrọ ninu apoti orisun!,"Lati tumọ, a nilo ọrọ ninu apoti orisun ki ọrọ ti o wa ninu apoti ibi-afẹde ni a le tumọ lati baamu.",Aṣiṣe: Ọpọlọpọ awọn ohun kikọ lọpọlọpọ,Gigun ti ọrọ ti o n gbiyanju lati tumọ si ju opin ohun kikọ silẹ 4500.,Orisun,Ibi-afẹde
Zulu,zu,Khetha Ulimi:,Qoka,Ithuluzi Lokuqhathanisa I-Wikipedia Article,Qhathanisa,Khetha Ithuluzi lokuqhathanisa:,Khetha amaphesenti afanayo:,Humusha,-Cwebile,Ukubala kwamagama:,Amaphesenti Afanako:,Iphutha: Awukho umbhalo ebhokisini lomthombo!,"Ukuze uhumushe, umbhalo uyadingeka ebhokisini lomthombo ukuze umbhalo osebhokisini eliqondiwe ungahle uhunyushelwe ukufanisa.",Iphutha: izinhlamvu eziningi kakhulu,Ubude bombhalo ozama ukuwahumusha budlula umkhawulo wezinhlamvu ezingama-4500.,Umthombo,Okuqondiwe
Македонски,mk,Одбери јазик:,Изберете,Алатка за споредување на статии на Википедија,Споредете,Изберете алатка за споредба:,Изберете процент на сличност:,Преведете,Чиста,Бројот на зборови:,Процент на сличност:,Грешка: Нема текст во изворното поле!,"За да се преведе, потребен е текст во изворното поле, така што текстот во целната кутија може да се преведе за да одговара.",Грешка: премногу карактери,Должината на текстот што се обидувате да го преведете го надминува границата на знакот од 4500.,Извор,Цел
